method,sample_idx,seed,vehicles_count,delay_steps,delay_ms,collided,failure,min_headway,min_ttc_est,risk_score,steps,best_risk_so_far,failures_found_so_far,first_failure_idx_so_far
uniform,1,700001,20,7,1400.0,0,0,36.09412793251522,4.38035993070569,0.4565834843799682,200,0.4565834843799682,0,-1
uniform,2,700002,24,5,1000.0,0,0,14.120223296941163,2.457071627832676,0.8139770844874197,200,0.8139770844874197,0,-1
uniform,3,700003,20,4,800.0,0,0,18.265463928862573,3.0905975983365095,0.6471240387543447,200,0.8139770844874197,0,-1
uniform,4,700004,12,6,1200.0,0,0,12.10911518858984,2.131784643305801,0.9381810710947612,200,0.9381810710947612,0,-1
uniform,5,700005,12,0,0.0,0,0,23.745034001974773,7.31809034286128,0.2732953415847044,200,0.9381810710947612,0,-1
uniform,6,700006,24,2,400.0,0,0,8.648627045237163,3.228184673138532,0.6195432425665858,200,0.9381810710947612,0,-1
uniform,7,700007,8,7,1400.0,0,0,10.796477815277967,1.9329751345847503,1.0346744581531557,200,1.0346744581531557,0,-1
uniform,8,700008,24,3,600.0,0,0,19.300313462381837,3.141003816450294,0.6367391180887633,200,1.0346744581531557,0,-1
uniform,9,700009,20,1,200.0,0,0,64.93123049988753,18.581914102387774,0.10763153833237235,200,1.0346744581531557,0,-1
uniform,10,700010,16,0,0.0,0,0,18.48411478549923,7.893595029134807,0.2533699781427999,200,1.0346744581531557,0,-1
uniform,11,700011,12,6,1200.0,0,0,15.229095260316626,2.5922424619933477,0.7715327672173331,200,1.0346744581531557,0,-1
uniform,12,700012,12,2,400.0,0,0,19.300052993340756,5.012729794664121,0.3989842026053212,200,1.0346744581531557,0,-1
uniform,13,700013,12,5,1000.0,0,0,16.12139216145647,2.789779761262995,0.716902469424524,200,1.0346744581531557,0,-1
uniform,14,700014,16,7,1400.0,0,0,9.5490095877376,1.7934702879829958,1.1151564725665322,200,1.1151564725665322,0,-1
uniform,15,700015,16,3,600.0,0,0,21.135108804553397,3.8739531232275146,0.5162685082605584,200,1.1151564725665322,0,-1
uniform,16,700016,16,4,800.0,0,0,19.51741186302263,3.4368794660731585,0.5819232299947721,200,1.1151564725665322,0,-1
uniform,17,700017,24,4,800.0,0,0,18.300072470530154,3.1387440155208353,0.6371975510300176,200,1.1151564725665322,0,-1
uniform,18,700018,20,6,1200.0,0,0,12.203058131829266,2.440896859633431,0.8193709587140671,200,1.1151564725665322,0,-1
uniform,19,700019,20,5,1000.0,0,0,16.321394360562067,2.828707120173881,0.707036789258359,200,1.1151564725665322,0,-1
uniform,20,700020,24,2,400.0,0,0,22.983131734159088,7.439159911154426,0.26884756126846526,200,1.1151564725665322,0,-1
uniform,21,700021,12,3,600.0,0,0,59.24161350541726,11.44047340779162,0.17481794054412864,200,1.1151564725665322,0,-1
uniform,22,700022,8,6,1200.0,0,0,15.794943864768015,2.609934183166473,0.7663028488992479,200,1.1151564725665322,0,-1
uniform,23,700023,20,6,1200.0,0,0,39.47329859477668,6.7205123795992785,0.29759635680029106,200,1.1151564725665322,0,-1
uniform,24,700024,8,0,0.0,0,0,39.65967424635778,15.549729766104482,0.12861959854502603,200,1.1151564725665322,0,-1
uniform,25,700025,8,3,600.0,0,0,21.677994147394372,4.326234055956485,0.4622958383969868,200,1.1151564725665322,0,-1
uniform,26,700026,16,1,200.0,0,0,48.24558446367655,12.984412647993661,0.1540308409952635,200,1.1151564725665322,0,-1
uniform,27,700027,16,7,1400.0,0,0,18.70400633902034,2.792635673039333,0.7161693232341055,200,1.1151564725665322,0,-1
uniform,28,700028,24,6,1200.0,0,0,12.262359437394139,2.1504800305597502,0.930024911451709,200,1.1151564725665322,0,-1
uniform,29,700029,20,6,1200.0,0,0,42.46792375672317,6.123016521681209,0.3266363879499799,200,1.1151564725665322,0,-1
uniform,30,700030,16,3,600.0,0,0,19.638842195407392,3.7423757894332432,0.5344198745746178,200,1.1151564725665322,0,-1
uniform,31,700031,16,2,400.0,0,0,23.426065497946297,5.46203565121937,0.3661638494713067,200,1.1151564725665322,0,-1
uniform,32,700032,12,3,600.0,0,0,24.61478142819226,3.623763455098567,0.5519124039915015,200,1.1151564725665322,0,-1
uniform,33,700033,8,7,1400.0,0,0,19.822057046950704,3.2870110383716207,0.6084555167757503,200,1.1151564725665322,0,-1
uniform,34,700034,8,0,0.0,0,0,22.645333127021445,7.41912258630713,0.26957365601307587,200,1.1151564725665322,0,-1
uniform,35,700035,20,7,1400.0,0,0,26.736185979311017,4.057818301990593,0.49287569111186796,200,1.1151564725665322,0,-1
uniform,36,700036,12,7,1400.0,0,0,8.022673968425124,1.8127908225284306,1.103271251787592,200,1.1151564725665322,0,-1
uniform,37,700037,12,5,1000.0,0,0,17.157714939779908,2.983250077750807,0.6704097705103828,200,1.1151564725665322,0,-1
uniform,38,700038,8,3,600.0,0,0,15.06558547849832,3.6420815251498193,0.5491365270627018,200,1.1151564725665322,0,-1
uniform,39,700039,24,4,800.0,0,0,21.08031027584275,3.2445961073155525,0.616409541850409,200,1.1151564725665322,0,-1
uniform,40,700040,8,5,1000.0,0,0,15.335602468332013,2.6351323026214204,0.7589751747987784,200,1.1151564725665322,0,-1
uniform,41,700041,12,4,800.0,0,0,17.704255631287083,3.014856016428102,0.6633815973638209,200,1.1151564725665322,0,-1
uniform,42,700042,24,7,1400.0,0,0,16.156982093907345,2.539251487094315,0.7876336826678856,200,1.1151564725665322,0,-1
uniform,43,700043,16,1,200.0,0,0,44.7915266577902,16.70217810055259,0.11974486129649344,200,1.1151564725665322,0,-1
uniform,44,700044,24,7,1400.0,0,0,14.16275474762881,2.401528849464283,0.8328028207723371,200,1.1151564725665322,0,-1
uniform,45,700045,20,5,1000.0,0,0,19.058194064725967,3.417505513906417,0.5852221720964769,200,1.1151564725665322,0,-1
uniform,46,700046,20,0,0.0,0,0,90.26800696276337,30.87722189655111,0.06477266661815174,200,1.1151564725665322,0,-1
uniform,47,700047,8,3,600.0,0,0,59.31966846179739,11.68968991565747,0.17109093692221458,200,1.1151564725665322,0,-1
uniform,48,700048,16,1,200.0,0,0,22.997847724920803,5.495437061086203,0.3639382960387666,200,1.1151564725665322,0,-1
uniform,49,700049,16,5,1000.0,1,1,5.000000000012619,1.985639745310641,1000000.0,62,1000000.0,1,49
uniform,50,700050,24,4,800.0,0,0,15.722052672574478,3.159396327188461,0.6330323241781429,200,1000000.0,1,49
uniform,51,700051,12,5,1000.0,0,0,14.230370261924122,2.46976323053806,0.8097942245112629,200,1000000.0,1,49
uniform,52,700052,16,5,1000.0,0,0,13.90656860787169,2.4347257846299977,0.8214477427501913,200,1000000.0,1,49
uniform,53,700053,8,0,0.0,0,0,23.85810254015587,6.792458540779524,0.29444419689758955,200,1000000.0,1,49
uniform,54,700054,12,5,1000.0,0,0,15.483636244741547,2.5862823332226643,0.7733107767503012,200,1000000.0,1,49
uniform,55,700055,12,4,800.0,0,0,82.30757455193168,12.5065809045091,0.15991580874665143,200,1000000.0,1,49
uniform,56,700056,8,1,200.0,0,0,63.474772331155464,24.66696966865016,0.08108008510432668,200,1000000.0,1,49
uniform,57,700057,24,3,600.0,0,0,19.417605932036167,3.353893455710567,0.5963218648447715,200,1000000.0,1,49
uniform,58,700058,12,3,600.0,0,0,19.061433338822553,3.267098357025117,0.6121640004193557,200,1000000.0,1,49
uniform,59,700059,24,4,800.0,0,0,16.46559926103805,2.769228661823892,0.7222227718395575,200,1000000.0,1,49
uniform,60,700060,16,3,600.0,0,0,21.03949450787968,3.83891993550043,0.5209798676718914,200,1000000.0,1,49
uniform,61,700061,20,3,600.0,0,0,21.240087299488778,3.931837309605192,0.5086680456269504,200,1000000.0,1,49
uniform,62,700062,20,3,600.0,0,0,18.94748496857528,3.2433182950539794,0.6166523967289844,200,1000000.0,1,49
uniform,63,700063,20,4,800.0,0,0,17.266767897784916,2.473597875388986,0.8085388574670771,200,1000000.0,1,49
uniform,64,700064,8,7,1400.0,0,0,12.855417067008375,2.2044872350277376,0.9072404540255073,200,1000000.0,1,49
uniform,65,700065,16,4,800.0,0,0,17.42797688657845,2.9534106420700144,0.6771831764641509,200,1000000.0,1,49
uniform,66,700066,12,2,400.0,0,0,17.447620575667912,4.579680811677609,0.43671165791734917,200,1000000.0,1,49
uniform,67,700067,16,0,0.0,0,0,23.464534784529064,6.556087389000985,0.3050599971189157,200,1000000.0,1,49
uniform,68,700068,8,6,1200.0,0,0,118.84225335839483,20.077997266453526,0.09961152865289087,200,1000000.0,1,49
uniform,69,700069,24,3,600.0,0,0,16.318321844415834,3.654271435757572,0.5473047186450662,200,1000000.0,1,49
uniform,70,700070,12,7,1400.0,0,0,16.102281158357755,2.667262934219891,0.7498323372401046,200,1000000.0,1,49
uniform,71,700071,20,0,0.0,0,0,24.480742227993687,7.311618515300668,0.2735372470287799,200,1000000.0,1,49
uniform,72,700072,12,0,0.0,0,0,41.59106862326382,18.577540857599768,0.10765687532759928,200,1000000.0,1,49
uniform,73,700073,24,3,600.0,0,0,18.871802904612764,3.208208287509391,0.623400920628083,200,1000000.0,1,49
uniform,74,700074,20,0,0.0,0,0,23.873483026760027,6.31697796589569,0.3166070881990829,200,1000000.0,1,49
uniform,75,700075,8,4,800.0,0,0,45.43336290202569,7.860290211259896,0.2544435315040903,200,1000000.0,1,49
uniform,76,700076,24,6,1200.0,0,0,19.903893172686594,3.078778925276112,0.6496081883568939,200,1000000.0,1,49
uniform,77,700077,24,3,600.0,0,0,98.78731989662879,17.119910177810926,0.11682304283302813,200,1000000.0,1,49
uniform,78,700078,24,4,800.0,0,0,12.772205916044982,2.945257534713192,0.6790577653830734,200,1000000.0,1,49
uniform,79,700079,16,7,1400.0,0,0,13.49832808287033,2.300298752626999,0.8694522821072479,200,1000000.0,1,49
uniform,80,700080,8,2,400.0,0,0,18.72730206800307,8.167862040299624,0.24486211815676473,200,1000000.0,1,49
uniform,81,700081,8,4,800.0,0,0,168.55984131501395,36.16316066710524,0.055304900431981364,200,1000000.0,1,49
uniform,82,700082,24,6,1200.0,0,0,46.46746904337783,6.42709492374719,0.3111825830687964,200,1000000.0,1,49
uniform,83,700083,16,1,200.0,0,0,20.455173278795883,5.03915571669536,0.396891882775868,200,1000000.0,1,49
uniform,84,700084,8,0,0.0,0,0,43.769580894258524,12.82592594163239,0.15593416094101153,200,1000000.0,1,49
uniform,85,700085,24,3,600.0,0,0,40.85903700864219,7.033181740005749,0.2843663186781755,200,1000000.0,1,49
uniform,86,700086,20,7,1400.0,0,0,12.198039265730927,2.112927840190592,0.9465538585641402,200,1000000.0,1,49
uniform,87,700087,16,4,800.0,0,0,16.972739052227098,2.779281233053318,0.7196105151988524,200,1000000.0,1,49
uniform,88,700088,12,0,0.0,0,0,37.97510524268273,15.613107430973718,0.12809749813367352,200,1000000.0,1,49
uniform,89,700089,16,7,1400.0,0,0,13.309147350061039,2.2338778327134516,0.8953041078216151,200,1000000.0,1,49
uniform,90,700090,12,1,200.0,0,0,22.992379944483673,6.718923036374832,0.29766675242035395,200,1000000.0,1,49
uniform,91,700091,8,5,1000.0,0,0,21.416033515024168,10.828952227415037,0.18469007508747842,200,1000000.0,1,49
uniform,92,700092,24,7,1400.0,0,0,15.038903107240685,2.5319829103012004,0.7898947468654453,200,1000000.0,1,49
uniform,93,700093,16,4,800.0,0,0,22.446801085472543,3.4951088021866954,0.572228251878371,200,1000000.0,1,49
uniform,94,700094,16,6,1200.0,1,1,5.0,2.249990240020929,1000000.0,71,1000000.0,2,49
uniform,95,700095,12,3,600.0,0,0,20.512804741345604,3.891995963827759,0.5138751475047805,200,1000000.0,2,49
uniform,96,700096,20,3,600.0,0,0,19.78842349054821,3.46195149096208,0.5777088457828732,200,1000000.0,2,49
uniform,97,700097,8,0,0.0,0,0,133.41815034600683,22.313122255347604,0.08963335462927768,200,1000000.0,2,49
uniform,98,700098,12,5,1000.0,0,0,14.82102080892912,2.5649091529305417,0.779754712838424,200,1000000.0,2,49
uniform,99,700099,8,6,1200.0,0,0,13.283739897857231,2.2920857854797454,0.8725676903848473,200,1000000.0,2,49
uniform,100,700100,8,7,1400.0,0,0,12.311719664035536,1.7944234109264399,1.1145641479161394,200,1000000.0,2,49
uniform,101,700101,24,3,600.0,0,0,20.258830645749185,3.592805768996323,0.5566679994946443,200,1000000.0,2,49
uniform,102,700102,20,0,0.0,0,0,24.629308077828455,7.01924170771331,0.28493106282438435,200,1000000.0,2,49
uniform,103,700103,16,5,1000.0,0,0,15.04102413244533,2.9129911578938685,0.6865794956432435,200,1000000.0,2,49
uniform,104,700104,16,0,0.0,0,0,10.429704212401333,1.8377380225968938,1.088294400729553,200,1000000.0,2,49
uniform,105,700105,24,3,600.0,0,0,20.178985127896794,3.5542141588744856,0.5627122932382164,200,1000000.0,2,49
uniform,106,700106,12,5,1000.0,0,0,14.002117925472703,2.4182056399679572,0.8270595217148288,200,1000000.0,2,49
uniform,107,700107,16,0,0.0,0,0,23.179119936828783,6.289461663280846,0.3179922395705829,200,1000000.0,2,49
uniform,108,700108,20,2,400.0,0,0,20.340762554033972,5.898446649430484,0.3390723217261119,200,1000000.0,2,49
uniform,109,700109,12,6,1200.0,0,0,12.839442813157689,2.2259486608350207,0.8984933189113802,200,1000000.0,2,49
uniform,110,700110,16,7,1400.0,0,0,15.045909028458595,2.534129659702546,0.7892255995436154,200,1000000.0,2,49
uniform,111,700111,20,4,800.0,0,0,16.614179008700944,2.7629203058354403,0.7238717656010163,200,1000000.0,2,49
uniform,112,700112,24,6,1200.0,1,1,5.0,3.1529496910430335,1000000.0,132,1000000.0,3,49
uniform,113,700113,8,7,1400.0,0,0,11.584818358476241,2.033575520753514,0.9834894153618288,200,1000000.0,3,49
uniform,114,700114,24,3,600.0,0,0,19.085314102456323,3.2793183080553145,0.6098828512886968,200,1000000.0,3,49
uniform,115,700115,8,2,400.0,0,0,146.93618107419087,115.41867541249984,0.017328218270155266,200,1000000.0,3,49
uniform,116,700116,20,4,800.0,0,0,23.25585079655025,3.1594714774753307,0.6330172670519435,200,1000000.0,3,49
uniform,117,700117,24,5,1000.0,0,0,10.78984447988887,2.574609811694396,0.7768167397310449,200,1000000.0,3,49
uniform,118,700118,8,5,1000.0,0,0,19.401370432689646,3.5246547151051204,0.5674314682311659,200,1000000.0,3,49
uniform,119,700119,16,6,1200.0,0,0,12.72529564242268,2.1780865959185576,0.9182371370117846,200,1000000.0,3,49
uniform,120,700120,24,6,1200.0,0,0,14.488193039363637,2.4553105799998876,0.8145609017007093,200,1000000.0,3,49
uniform,121,700121,8,7,1400.0,0,0,15.797863421949614,2.6754842385272357,0.7475282310393774,200,1000000.0,3,49
uniform,122,700122,20,6,1200.0,0,0,15.952425995855265,2.7072276710432477,0.7387631344759737,200,1000000.0,3,49
uniform,123,700123,20,3,600.0,0,0,16.02887506277588,3.513594948657635,0.5692175760794789,200,1000000.0,3,49
uniform,124,700124,16,7,1400.0,0,0,9.958442953986946,1.834772359803331,1.090053482282881,200,1000000.0,3,49
uniform,125,700125,20,0,0.0,0,0,21.73700539303576,5.096841532822559,0.39239987885054534,200,1000000.0,3,49
uniform,126,700126,12,1,200.0,0,0,78.10160725341416,25.401437522687974,0.07873570140326296,200,1000000.0,3,49
uniform,127,700127,8,1,200.0,0,0,24.005618431757284,6.470521591289464,0.3090940926141681,200,1000000.0,3,49
uniform,128,700128,12,7,1400.0,0,0,13.57189784624586,2.9908056935317813,0.6687161270039716,200,1000000.0,3,49
uniform,129,700129,8,0,0.0,0,0,82.12139138673024,25.99475154084695,0.07693860804390812,200,1000000.0,3,49
uniform,130,700130,12,3,600.0,0,0,55.34783948746349,9.755053392826168,0.20502194293173145,200,1000000.0,3,49
uniform,131,700131,24,2,400.0,0,0,22.79221639364482,6.303309936274423,0.3172936156114357,200,1000000.0,3,49
uniform,132,700132,16,6,1200.0,0,0,18.509439250057767,2.962941458863936,0.6750048989381143,200,1000000.0,3,49
uniform,133,700133,12,7,1400.0,0,0,11.615704294869374,2.036546325538026,0.9820547536386776,200,1000000.0,3,49
uniform,134,700134,12,1,200.0,0,0,38.47829133679025,21.21562807273025,0.09427012922472575,200,1000000.0,3,49
uniform,135,700135,24,0,0.0,0,0,20.310448283739504,6.604510194712961,0.30282336479714106,200,1000000.0,3,49
uniform,136,700136,16,1,200.0,0,0,22.531407142340413,6.211236381355045,0.32199708354420725,200,1000000.0,3,49
uniform,137,700137,24,1,200.0,0,0,73.66113785220978,25.588762738374047,0.0781593084608468,200,1000000.0,3,49
uniform,138,700138,16,1,200.0,0,0,21.355156763026628,10.691475938667184,0.1870649114746381,200,1000000.0,3,49
uniform,139,700139,16,7,1400.0,0,0,35.4617014057269,5.321431224146297,0.3758387388199036,200,1000000.0,3,49
uniform,140,700140,24,7,1400.0,0,0,14.492984473538058,2.3515579028528535,0.8505000015409564,200,1000000.0,3,49
uniform,141,700141,20,6,1200.0,0,0,5.9037745713088725,3.1002472751347074,0.6451098323804184,200,1000000.0,3,49
uniform,142,700142,16,4,800.0,0,0,20.488022199113857,3.5734977790424822,0.5596757361175413,200,1000000.0,3,49
uniform,143,700143,16,6,1200.0,0,0,13.708841268266042,2.3541197944322265,0.8495744374310253,200,1000000.0,3,49
uniform,144,700144,24,7,1400.0,0,0,5.913617849462412,1.6832450778143755,1.1881811070535955,200,1000000.0,3,49
uniform,145,700145,16,2,400.0,0,0,22.87933094969526,5.97748131710638,0.33458908424797446,200,1000000.0,3,49
uniform,146,700146,24,5,1000.0,0,0,31.96554886399781,5.3673471600054965,0.37262355878578046,200,1000000.0,3,49
uniform,147,700147,8,0,0.0,0,0,16.14176837943819,6.130091211576101,0.326259419472126,200,1000000.0,3,49
uniform,148,700148,16,1,200.0,0,0,23.996374215225273,5.568678527980443,0.3591516353387573,200,1000000.0,3,49
uniform,149,700149,16,1,200.0,0,0,64.10174843084587,21.698127953486452,0.09217385040254776,200,1000000.0,3,49
uniform,150,700150,24,4,800.0,0,0,16.774009623785787,2.828172248830429,0.7071705059078655,200,1000000.0,3,49
uniform,151,700151,12,5,1000.0,0,0,15.411091953599396,2.4695092766272597,0.809877500331364,200,1000000.0,3,49
uniform,152,700152,24,6,1200.0,0,1,11.923991233856214,1.4220993310749463,1.4063715215224988,200,1000000.0,4,49
uniform,153,700153,20,5,1000.0,0,0,16.0848994871086,2.7840011813047485,0.7183904997707943,200,1000000.0,4,49
uniform,154,700154,20,2,400.0,0,0,22.867261677170404,6.927288697847652,0.28871324514328545,200,1000000.0,4,49
uniform,155,700155,20,1,200.0,1,1,5.0,3.008225020986905,1000000.0,40,1000000.0,5,49
uniform,156,700156,24,7,1400.0,0,0,35.66357596981993,5.332368649565532,0.3750678415984902,200,1000000.0,5,49
uniform,157,700157,12,2,400.0,0,0,37.794677791987596,6.977711166467858,0.28662694002171013,200,1000000.0,5,49
uniform,158,700158,12,4,800.0,0,0,45.50121151404937,6.825338658172175,0.2930257530306342,200,1000000.0,5,49
uniform,159,700159,12,5,1000.0,0,0,39.80586340359022,6.286020598421031,0.31816631343880336,200,1000000.0,5,49
uniform,160,700160,8,1,200.0,0,0,40.942143632948046,18.29943921305298,0.10929296667044315,200,1000000.0,5,49
uniform,161,700161,12,3,600.0,0,0,20.571694610768645,3.6932766088407987,0.5415245625557779,200,1000000.0,5,49
uniform,162,700162,24,2,400.0,0,0,22.09743973084676,5.3108409754606445,0.3765881918214519,200,1000000.0,5,49
uniform,163,700163,24,6,1200.0,0,0,15.78872848840615,2.565701651119168,0.7795138609072465,200,1000000.0,5,49
uniform,164,700164,8,4,800.0,0,0,18.79014980632462,3.2330702704902863,0.6186070306775935,200,1000000.0,5,49
uniform,165,700165,20,5,1000.0,0,0,18.143787010484402,3.1993265380150095,0.6251315632323295,200,1000000.0,5,49
uniform,166,700166,16,7,1400.0,0,0,11.012666735705807,1.9610969167541283,1.0198374098258547,200,1000000.0,5,49
uniform,167,700167,16,1,200.0,0,0,27.160551055233327,7.6732475208882205,0.2606458340559942,200,1000000.0,5,49
uniform,168,700168,20,3,600.0,0,0,17.871874832616356,7.282695211820051,0.27462360318937074,200,1000000.0,5,49
uniform,169,700169,12,3,600.0,0,0,20.673184135927045,3.695186386147298,0.5412446872768587,200,1000000.0,5,49
uniform,170,700170,24,1,200.0,0,0,22.977545656204825,4.235745748507512,0.47217187214428796,200,1000000.0,5,49
uniform,171,700171,16,6,1200.0,0,0,14.459587144964416,2.4633931128645488,0.8118882810686705,200,1000000.0,5,49
uniform,172,700172,20,1,200.0,0,0,23.99423376518621,8.155598669289398,0.2452303112377477,200,1000000.0,5,49
uniform,173,700173,20,3,600.0,0,0,15.082521944344677,4.147566625332667,0.4822104575208806,200,1000000.0,5,49
uniform,174,700174,8,0,0.0,0,0,45.63605498331117,15.582319989935947,0.12835059229252943,200,1000000.0,5,49
uniform,175,700175,8,5,1000.0,0,0,16.830576886303334,2.9198836509891803,0.6849587994105355,200,1000000.0,5,49
uniform,176,700176,16,5,1000.0,0,0,27.839268684946774,4.343699383158117,0.4604370200559059,200,1000000.0,5,49
uniform,177,700177,20,0,0.0,0,0,23.85862044253804,7.196680166781295,0.27790591684644744,200,1000000.0,5,49
uniform,178,700178,24,5,1000.0,0,0,5.049655856064646,2.483533947544767,0.8053040716343777,200,1000000.0,5,49
uniform,179,700179,20,7,1400.0,0,0,14.193927962230418,2.4060315795223777,0.8312442849968831,200,1000000.0,5,49
uniform,180,700180,8,6,1200.0,0,0,59.7812931565561,10.221459994852859,0.19566676394635643,200,1000000.0,5,49
uniform,181,700181,24,7,1400.0,0,0,14.934045806638323,2.516477086292756,0.7947618561257699,200,1000000.0,5,49
uniform,182,700182,24,5,1000.0,0,0,15.853763286070716,2.6863825452469383,0.7444956056383829,200,1000000.0,5,49
uniform,183,700183,24,5,1000.0,0,0,14.089492884897254,2.455563394957872,0.8144770377774394,200,1000000.0,5,49
uniform,184,700184,16,7,1400.0,0,0,14.195402636381573,2.412970913954232,0.8288537538658185,200,1000000.0,5,49
uniform,185,700185,24,6,1200.0,0,0,11.778871130846255,2.0899391572692148,0.9569656576095104,200,1000000.0,5,49
uniform,186,700186,8,2,400.0,0,0,22.874699904999147,7.465152100326382,0.2679114870161264,200,1000000.0,5,49
uniform,187,700187,8,1,200.0,0,0,149.05163486624738,76.17381200889024,0.026255742587315705,200,1000000.0,5,49
uniform,188,700188,8,3,600.0,0,0,81.71833680046043,23.166591872728276,0.08633121397344601,200,1000000.0,5,49
uniform,189,700189,12,2,400.0,0,0,22.267716815360018,5.686817602631867,0.3516905481678184,200,1000000.0,5,49
uniform,190,700190,12,5,1000.0,0,0,17.884157732712765,3.109174559496211,0.6432575468918239,200,1000000.0,5,49
uniform,191,700191,8,7,1400.0,0,0,11.3404346160371,2.0020403316086806,0.9989808738732845,200,1000000.0,5,49
uniform,192,700192,16,7,1400.0,0,0,16.884281758974225,2.8789124879955894,0.6947067715116543,200,1000000.0,5,49
uniform,193,700193,8,1,200.0,0,0,20.425713480503646,4.865705542939099,0.4110400808989178,200,1000000.0,5,49
uniform,194,700194,16,2,400.0,0,0,119.12676115658843,18.237682345374093,0.10966305707738631,200,1000000.0,5,49
uniform,195,700195,8,0,0.0,0,0,24.118659815883916,8.658067108353439,0.2309984405261041,200,1000000.0,5,49
uniform,196,700196,20,0,0.0,0,0,14.536066298696028,3.267333302323886,0.6121199813246793,200,1000000.0,5,49
uniform,197,700197,8,0,0.0,0,0,32.42879604326208,9.259451354462648,0.21599551889606158,200,1000000.0,5,49
uniform,198,700198,12,3,600.0,0,0,17.295391917585107,2.9126186914803456,0.6866672956024652,200,1000000.0,5,49
uniform,199,700199,24,4,800.0,0,0,17.252300045069433,2.7664162368090053,0.7229570060313671,200,1000000.0,5,49
uniform,200,700200,16,6,1200.0,0,0,12.195006835455843,1.9880274694782372,1.0060223164446038,200,1000000.0,5,49
uniform,201,700201,24,5,1000.0,0,0,29.115416076409247,4.400123393484341,0.45453270764214937,200,1000000.0,5,49
uniform,202,700202,20,3,600.0,0,0,88.19660206184062,16.249360163672755,0.12308176936536995,200,1000000.0,5,49
uniform,203,700203,20,1,200.0,0,0,75.53904384005568,16.225869891867656,0.12325995544943895,200,1000000.0,5,49
uniform,204,700204,8,1,200.0,0,0,19.942701219663093,15.21727623386275,0.13142956526933733,200,1000000.0,5,49
uniform,205,700205,16,6,1200.0,0,0,12.804759068919907,2.227240501399727,0.8979721762167507,200,1000000.0,5,49
uniform,206,700206,8,3,600.0,0,0,56.85418930957508,15.975023680556337,0.12519543256979693,200,1000000.0,5,49
uniform,207,700207,24,1,200.0,0,0,10.641519921008012,4.532383757532169,0.4412689010890325,200,1000000.0,5,49
uniform,208,700208,24,3,600.0,0,0,18.332121890381472,3.0430583299374248,0.6572335404563627,200,1000000.0,5,49
uniform,209,700209,24,7,1400.0,0,0,13.969173108371933,2.37098289317562,0.8435320245272891,200,1000000.0,5,49
uniform,210,700210,8,0,0.0,0,0,75.24929497559788,24.05542890796448,0.08314131532021125,200,1000000.0,5,49
uniform,211,700211,12,4,800.0,0,0,19.138993687699553,3.332022560284734,0.600236031964049,200,1000000.0,5,49
uniform,212,700212,12,6,1200.0,0,0,11.729885768006852,2.0843558035589833,0.959529076842376,200,1000000.0,5,49
uniform,213,700213,8,1,200.0,0,0,19.128943527340255,4.517065157031083,0.44276536433991437,200,1000000.0,5,49
uniform,214,700214,20,2,400.0,1,1,5.0,4.052273088738723,1000000.0,176,1000000.0,6,49
uniform,215,700215,20,1,200.0,0,0,26.966837162028924,7.173355161468236,0.27880956051681705,200,1000000.0,6,49
uniform,216,700216,12,2,400.0,0,0,66.9491855631502,28.25134733839664,0.07079308381451187,200,1000000.0,6,49
uniform,217,700217,24,5,1000.0,0,0,16.353229982781613,2.7372780453804935,0.7306528481369496,200,1000000.0,6,49
uniform,218,700218,20,3,600.0,0,0,21.038905698597773,3.6520012118128875,0.5476449442378967,200,1000000.0,6,49
uniform,219,700219,8,2,400.0,0,0,63.69951477685095,19.91529895011923,0.10042530644452245,200,1000000.0,6,49
uniform,220,700220,20,6,1200.0,0,0,9.536975680896717,2.545024421400979,0.7858470760367182,200,1000000.0,6,49
uniform,221,700221,24,6,1200.0,0,0,12.845558686387676,2.0714437188299213,0.9655101810488594,200,1000000.0,6,49
uniform,222,700222,8,3,600.0,0,0,98.68295845168632,19.127813660569217,0.10455978061532846,200,1000000.0,6,49
uniform,223,700223,16,4,800.0,0,0,22.964596676674773,3.873230650376851,0.5163648077104335,200,1000000.0,6,49
uniform,224,700224,20,3,600.0,0,0,16.74442284274494,4.6354350087444,0.4314589668989319,200,1000000.0,6,49
uniform,225,700225,20,2,400.0,0,0,9.877364448196772,3.376012846050337,0.5924148074080461,200,1000000.0,6,49
uniform,226,700226,8,6,1200.0,0,0,17.538819669468467,2.9506178905608067,0.6778241284302223,200,1000000.0,6,49
uniform,227,700227,20,3,600.0,0,0,45.46403928162954,7.719211036025176,0.2590938362309437,200,1000000.0,6,49
uniform,228,700228,20,0,0.0,0,0,60.845528890240075,15.629543239204647,0.1279627926031302,200,1000000.0,6,49
uniform,229,700229,24,7,1400.0,0,0,11.955547760899066,1.752291566420601,1.1413625667818468,200,1000000.0,6,49
uniform,230,700230,24,5,1000.0,0,0,10.199573567765356,2.664202454318111,0.7506937007577713,200,1000000.0,6,49
uniform,231,700231,12,2,400.0,0,0,18.01423121181901,5.461670931757807,0.3661883011608522,200,1000000.0,6,49
uniform,232,700232,20,0,0.0,0,0,23.246260475446093,6.065408233059593,0.32973872873040466,200,1000000.0,6,49
uniform,233,700233,24,2,400.0,0,0,22.538371876989913,6.242394976212142,0.3203898515908378,200,1000000.0,6,49
uniform,234,700234,24,3,600.0,0,0,21.38133154617003,3.77963498345738,0.5291516267453218,200,1000000.0,6,49
uniform,235,700235,8,1,200.0,0,0,123.35474962369622,103.53138783448105,0.01931781309835684,200,1000000.0,6,49
uniform,236,700236,8,2,400.0,0,0,101.60107840404385,39.65868659106279,0.05043031355583789,200,1000000.0,6,49
uniform,237,700237,20,3,600.0,0,0,20.666717453561887,3.6859866124831178,0.5425955680974845,200,1000000.0,6,49
uniform,238,700238,12,5,1000.0,0,0,13.10495507741416,2.3148364736115083,0.8639919159730908,200,1000000.0,6,49
uniform,239,700239,16,1,200.0,0,0,44.275114181590425,11.485546038201692,0.17413190399027323,200,1000000.0,6,49
uniform,240,700240,24,5,1000.0,1,1,5.0,4.599372988534675,1000000.0,64,1000000.0,7,49
uniform,241,700241,12,7,1400.0,0,0,15.05195824977443,2.5394382610423683,0.7875757527489784,200,1000000.0,7,49
uniform,242,700242,12,1,200.0,0,0,21.223658993338745,5.317520524159232,0.3761151444387186,200,1000000.0,7,49
uniform,243,700243,16,7,1400.0,0,0,13.562073687246652,2.3115883769395844,0.8652059423520245,200,1000000.0,7,49
uniform,244,700244,20,7,1400.0,0,0,6.494660226831115,1.5423400399014795,1.2967309077496,200,1000000.0,7,49
uniform,245,700245,8,4,800.0,0,0,17.290900521998992,2.823044314928529,0.7084550495448507,200,1000000.0,7,49
uniform,246,700246,12,4,800.0,0,0,17.50753429918734,2.96778039597617,0.6739043100061165,200,1000000.0,7,49
uniform,247,700247,8,6,1200.0,0,0,17.13564947248392,2.934912671804975,0.6814512810597522,200,1000000.0,7,49
uniform,248,700248,20,1,200.0,0,0,23.96924827249211,5.53614982424304,0.36126189924302865,200,1000000.0,7,49
uniform,249,700249,24,5,1000.0,0,0,14.845311581833926,2.5728132939891113,0.7773591673646196,200,1000000.0,7,49
uniform,250,700250,12,4,800.0,0,0,16.658813303396983,2.80761331004163,0.7123488098759386,200,1000000.0,7,49
uniform,251,700251,12,2,400.0,0,0,31.981372083345832,8.917505909992808,0.22427795621181854,200,1000000.0,7,49
uniform,252,700252,16,5,1000.0,0,0,15.795616010151548,2.724197258339561,0.7341612263493099,200,1000000.0,7,49
uniform,253,700253,12,2,400.0,0,0,23.062562047111896,7.505012995811677,0.2664885458714249,200,1000000.0,7,49
uniform,254,700254,12,5,1000.0,0,0,14.747648963920938,2.5524102000846614,0.783573110597059,200,1000000.0,7,49
uniform,255,700255,12,1,200.0,0,0,19.425674762855238,11.190736042391057,0.17871925424957769,200,1000000.0,7,49
uniform,256,700256,16,6,1200.0,0,0,19.073483270603674,2.9268662267542087,0.6833247046681492,200,1000000.0,7,49
uniform,257,700257,8,4,800.0,0,0,56.36953958543904,10.412056483301116,0.19208501252443314,200,1000000.0,7,49
uniform,258,700258,20,2,400.0,0,0,85.43541106774728,14.956059039078221,0.1337250671967971,200,1000000.0,7,49
uniform,259,700259,16,6,1200.0,0,0,47.56337206192052,6.775088116275922,0.29519911264258875,200,1000000.0,7,49
uniform,260,700260,12,7,1400.0,0,0,56.653555850829434,7.956813163512319,0.25135691374172653,200,1000000.0,7,49
uniform,261,700261,8,1,200.0,0,0,22.35322659490018,12.869349697840471,0.15540800793808626,200,1000000.0,7,49
uniform,262,700262,20,1,200.0,0,0,52.04289609722355,16.839297192547974,0.11876980239324214,200,1000000.0,7,49
uniform,263,700263,8,7,1400.0,0,0,19.3204468239677,8.485294302530768,0.2357019012768353,200,1000000.0,7,49
uniform,264,700264,8,4,800.0,0,0,16.78179095143787,5.216245336102143,0.38341754866432465,200,1000000.0,7,49
uniform,265,700265,8,6,1200.0,0,0,17.1237052468814,2.9271097658278733,0.6832678512260509,200,1000000.0,7,49
uniform,266,700266,8,5,1000.0,0,0,17.62773217407016,3.0922976859505598,0.6467682620230039,200,1000000.0,7,49
uniform,267,700267,24,5,1000.0,0,0,16.155080464563753,2.529968587660832,0.7905236490897175,200,1000000.0,7,49
uniform,268,700268,12,5,1000.0,0,0,13.844190070454488,2.453004778685074,0.8153265812519509,200,1000000.0,7,49
uniform,269,700269,12,6,1200.0,0,0,14.528510662903045,2.4856539067174896,0.804617245624981,200,1000000.0,7,49
uniform,270,700270,24,6,1200.0,1,1,5.0,1.8216779734103452,1000000.0,187,1000000.0,8,49
uniform,271,700271,20,3,600.0,0,0,15.031581307640124,3.571927260663697,0.5599218164449355,200,1000000.0,8,49
uniform,272,700272,8,6,1200.0,0,0,,,0.0,200,1000000.0,8,49
uniform,273,700273,16,0,0.0,0,0,24.21779625641352,6.866309630490251,0.29127728104757794,200,1000000.0,8,49
uniform,274,700274,24,1,200.0,0,0,22.820253972427167,5.794965466622308,0.34512716452229925,200,1000000.0,8,49
uniform,275,700275,12,6,1200.0,0,0,43.798209931389465,6.365802372789427,0.3141787763548841,200,1000000.0,8,49
uniform,276,700276,20,2,400.0,0,0,26.902755687068293,8.527332139813414,0.23453994370198908,200,1000000.0,8,49
uniform,277,700277,8,3,600.0,0,0,147.45274933609284,32.48340897688211,0.06156989253878391,200,1000000.0,8,49
uniform,278,700278,20,5,1000.0,0,0,18.596761944837652,5.781310190966182,0.34594234419823733,200,1000000.0,8,49
uniform,279,700279,20,0,0.0,0,0,22.357873042187066,6.058314878180422,0.3301248020638848,200,1000000.0,8,49
uniform,280,700280,24,4,800.0,0,0,18.078245721073472,2.909771711888803,0.6873391447955729,200,1000000.0,8,49
uniform,281,700281,20,6,1200.0,0,0,11.874660926262663,2.098720402691595,0.9529616224414712,200,1000000.0,8,49
uniform,282,700282,12,2,400.0,0,0,17.444550323412614,5.476575984792076,0.36519168282405057,200,1000000.0,8,49
uniform,283,700283,8,5,1000.0,0,0,16.132637468791472,2.790829197621076,0.7166328923693415,200,1000000.0,8,49
uniform,284,700284,16,1,200.0,0,0,22.047331682010736,3.8177683663253283,0.5238662506717338,200,1000000.0,8,49
uniform,285,700285,20,7,1400.0,0,0,9.114839951017757,1.7470388479791348,1.1447942341485278,200,1000000.0,8,49
uniform,286,700286,8,6,1200.0,0,0,14.295225284739303,3.295236271390975,0.6069367521120924,200,1000000.0,8,49
uniform,287,700287,12,2,400.0,0,0,57.47491697991677,13.039311636258468,0.15338232997197426,200,1000000.0,8,49
uniform,288,700288,16,5,1000.0,0,0,13.842212332273789,2.416598806569549,0.82760944620306,200,1000000.0,8,49
uniform,289,700289,20,1,200.0,0,0,59.07215075487102,15.13573048216455,0.13213765945137135,200,1000000.0,8,49
uniform,290,700290,24,5,1000.0,0,0,21.244389461175047,3.4686201578993963,0.5765981597740596,200,1000000.0,8,49
uniform,291,700291,8,4,800.0,0,0,77.91458748792508,13.014212256048992,0.1536781451424693,200,1000000.0,8,49
uniform,292,700292,8,7,1400.0,0,0,12.218823373745863,2.11710624460889,0.9446857025210258,200,1000000.0,8,49
uniform,293,700293,20,0,0.0,0,0,21.300121856334385,5.320704060599651,0.3758901034940472,200,1000000.0,8,49
uniform,294,700294,20,3,600.0,0,0,21.70743657237449,3.7067097536482128,0.5395620733540204,200,1000000.0,8,49
uniform,295,700295,20,1,200.0,0,0,50.175405034962296,12.881891128816267,0.15525670726451657,200,1000000.0,8,49
uniform,296,700296,24,3,600.0,0,0,20.350600535786498,3.905544374386082,0.5120925044704896,200,1000000.0,8,49
uniform,297,700297,24,5,1000.0,0,0,21.179488015441848,3.3036487394565826,0.605391237910172,200,1000000.0,8,49
uniform,298,700298,24,6,1200.0,0,0,22.47046124127553,3.4224396990500106,0.5843784480863617,200,1000000.0,8,49
uniform,299,700299,20,0,0.0,0,0,22.684493082830443,5.736009494186242,0.3486744577440307,200,1000000.0,8,49
uniform,300,700300,12,4,800.0,0,0,15.29110756777527,3.3662577619531593,0.5941315672866259,200,1000000.0,8,49
uniform,301,700301,20,2,400.0,0,0,40.97118495104607,15.842825873574949,0.12624010488784715,200,1000000.0,8,49
uniform,302,700302,8,1,200.0,0,0,22.708847651504584,6.484312840867618,0.3084366916097766,200,1000000.0,8,49
uniform,303,700303,20,6,1200.0,0,0,48.26246076919506,7.107051089215838,0.28141066877017085,200,1000000.0,8,49
uniform,304,700304,20,4,800.0,0,0,16.54288293581044,2.7830495921139455,0.7186361341411966,200,1000000.0,8,49
uniform,305,700305,20,2,400.0,0,0,22.334744208067946,6.3532580815473185,0.31479911162571655,200,1000000.0,8,49
uniform,306,700306,16,1,200.0,0,0,23.29251148035246,4.862867734475257,0.41127995026905995,200,1000000.0,8,49
uniform,307,700307,12,1,200.0,0,0,63.09395324694515,17.01480273511396,0.11754470687294774,200,1000000.0,8,49
uniform,308,700308,16,2,400.0,1,1,5.0,1.654120389037949,1000000.0,65,1000000.0,9,49
uniform,309,700309,8,3,600.0,0,0,16.388770774134656,3.2882176324869867,0.6082322472333848,200,1000000.0,9,49
uniform,310,700310,24,2,400.0,0,0,19.464016227322787,7.948837789909619,0.25160910976681794,200,1000000.0,9,49
uniform,311,700311,16,3,600.0,0,0,14.526317727625667,2.8733342729495854,0.69605545683584,200,1000000.0,9,49
uniform,312,700312,12,0,0.0,0,0,19.584389972395684,4.940291452135573,0.40483441500914824,200,1000000.0,9,49
uniform,313,700313,16,7,1400.0,0,0,11.956136363775386,2.082012306461911,0.9606091154181122,200,1000000.0,9,49
uniform,314,700314,20,0,0.0,0,0,14.344294954196812,6.596521263221088,0.30319010887617426,200,1000000.0,9,49
uniform,315,700315,12,6,1200.0,0,0,13.988236581215915,2.3930259974690107,0.8357619190578391,200,1000000.0,9,49
uniform,316,700316,24,0,0.0,0,0,23.84769891716337,6.750168998745029,0.29628887815576677,200,1000000.0,9,49
uniform,317,700317,24,2,400.0,0,0,13.884875741822157,4.2162323829159805,0.4743571554793628,200,1000000.0,9,49
uniform,318,700318,12,2,400.0,0,0,13.810806745318104,3.9508406225993866,0.5062213819913938,200,1000000.0,9,49
uniform,319,700319,8,6,1200.0,0,0,17.669403990563524,3.056630102640899,0.6543153514951054,200,1000000.0,9,49
uniform,320,700320,20,0,0.0,0,0,24.17177730434014,7.271538401312724,0.2750449615502191,200,1000000.0,9,49
uniform,321,700321,24,7,1400.0,0,0,39.03634054740246,5.404739306360319,0.3700456000988599,200,1000000.0,9,49
uniform,322,700322,8,1,200.0,0,0,36.20026809468709,12.476418385015698,0.16030241518687927,200,1000000.0,9,49
uniform,323,700323,20,2,400.0,0,0,22.60445372318418,6.354898869876053,0.31471783280148535,200,1000000.0,9,49
uniform,324,700324,24,7,1400.0,0,0,9.423029635487524,1.7842966471126187,1.1208898493624568,200,1000000.0,9,49
uniform,325,700325,24,2,400.0,0,0,23.165313239471516,6.6774913975500505,0.2995136767579803,200,1000000.0,9,49
uniform,326,700326,8,2,400.0,0,0,110.2820343306065,27.27842978076712,0.07331800312824883,200,1000000.0,9,49
uniform,327,700327,8,3,600.0,0,0,15.982544986990348,3.1426793279264853,0.6363996422503546,200,1000000.0,9,49
uniform,328,700328,24,5,1000.0,0,0,16.834614006222182,2.87798072898904,0.6949316859055371,200,1000000.0,9,49
uniform,329,700329,8,0,0.0,0,0,103.08647526123832,165.22854419803062,0.012104446055052988,200,1000000.0,9,49
uniform,330,700330,8,1,200.0,0,0,149.67179614249517,79.58977631858338,0.025128855645910653,200,1000000.0,9,49
uniform,331,700331,16,4,800.0,0,0,28.263547352291653,3.8379386427010704,0.5211130729782686,200,1000000.0,9,49
uniform,332,700332,16,7,1400.0,1,1,5.0,1.5017462152907368,1000000.0,123,1000000.0,10,49
uniform,333,700333,20,7,1400.0,1,1,5.0,2.4487581622843386,1000000.0,119,1000000.0,11,49
uniform,334,700334,8,6,1200.0,0,0,22.0416766644463,5.579857076077269,0.3584321198072752,200,1000000.0,11,49
uniform,335,700335,24,3,600.0,0,0,19.09998674875024,4.174807789723853,0.4790639715013783,200,1000000.0,11,49
uniform,336,700336,12,6,1200.0,1,1,5.0,1.3558617278279215,1000000.0,39,1000000.0,12,49
uniform,337,700337,20,6,1200.0,0,0,19.150226040583675,3.0584979243237496,0.6539157617516483,200,1000000.0,12,49
uniform,338,700338,8,1,200.0,0,0,16.910544761758416,4.029385824770216,0.49635356031314126,200,1000000.0,12,49
uniform,339,700339,16,2,400.0,0,0,61.98987582909035,16.266994305995286,0.12294834327586193,200,1000000.0,12,49
uniform,340,700340,8,1,200.0,0,0,24.204571000935857,6.588471810677527,0.3035605307984659,200,1000000.0,12,49
uniform,341,700341,12,0,0.0,0,0,23.510663487848205,7.157622306380065,0.279422399560992,200,1000000.0,12,49
uniform,342,700342,12,3,600.0,0,0,48.04526705020362,8.715017850851442,0.22948891605593252,200,1000000.0,12,49
uniform,343,700343,20,3,600.0,0,0,20.603887661271642,3.692012209364851,0.5417100178940272,200,1000000.0,12,49
uniform,344,700344,16,1,200.0,0,0,21.362295555165076,11.286957314890454,0.17719567321845683,200,1000000.0,12,49
uniform,345,700345,8,5,1000.0,0,0,12.538211087494915,2.757387784434499,0.7253241677830133,200,1000000.0,12,49
uniform,346,700346,24,7,1400.0,0,0,68.79898289352332,9.81203836878756,0.20383124533655214,200,1000000.0,12,49
uniform,347,700347,24,2,400.0,0,0,22.264133079958242,6.256647539292957,0.3196600076062481,200,1000000.0,12,49
uniform,348,700348,24,2,400.0,0,0,60.57823840144874,22.287024826746613,0.08973831256291347,200,1000000.0,12,49
uniform,349,700349,12,5,1000.0,0,0,15.632162083119624,2.6412762705367383,0.75720969529385,200,1000000.0,12,49
uniform,350,700350,12,0,0.0,0,0,19.04608725663479,4.736611629637408,0.4222427668516918,200,1000000.0,12,49
uniform,351,700351,12,5,1000.0,0,0,18.189492839391733,3.2140097509421683,0.6222756478612772,200,1000000.0,12,49
uniform,352,700352,8,4,800.0,0,0,17.54753742662689,4.123774907918335,0.48499252375770235,200,1000000.0,12,49
uniform,353,700353,8,3,600.0,0,0,19.999258595011156,3.5026095794223147,0.5710028350718609,200,1000000.0,12,49
uniform,354,700354,16,7,1400.0,0,0,14.432244791319704,2.4375135688505263,0.8205082529830399,200,1000000.0,12,49
uniform,355,700355,8,6,1200.0,0,0,17.272864953902058,2.9475096285770275,0.6785389199781995,200,1000000.0,12,49
uniform,356,700356,8,1,200.0,0,0,19.913237264553345,10.079647042525282,0.19841964620012473,200,1000000.0,12,49
uniform,357,700357,24,4,800.0,0,0,17.039834930571146,2.990049871494375,0.6688851644472521,200,1000000.0,12,49
uniform,358,700358,16,4,800.0,0,0,20.428695233101507,2.997949958644805,0.6671225429339992,200,1000000.0,12,49
uniform,359,700359,8,7,1400.0,0,0,17.830218515485114,7.401293391071414,0.27022303999091696,200,1000000.0,12,49
uniform,360,700360,20,1,200.0,0,0,24.019065063162714,5.036297910125049,0.39711709586900523,200,1000000.0,12,49
uniform,361,700361,12,6,1200.0,0,0,13.642964192905765,3.2571851126218716,0.6140271218389856,200,1000000.0,12,49
uniform,362,700362,16,2,400.0,0,0,25.19813379440052,7.139627117376401,0.28012667428140703,200,1000000.0,12,49
uniform,363,700363,12,6,1200.0,0,0,11.329807640709873,2.0954899573924672,0.9544307253510818,200,1000000.0,12,49
uniform,364,700364,16,6,1200.0,0,0,15.232558607800797,2.549173085145294,0.7845681455113931,200,1000000.0,12,49
uniform,365,700365,20,5,1000.0,0,0,21.436791580879913,3.271614386329015,0.6113189892908323,200,1000000.0,12,49
uniform,366,700366,16,3,600.0,0,0,18.46543316352148,3.18766104770756,0.6274192801767055,200,1000000.0,12,49
uniform,367,700367,12,7,1400.0,0,0,34.12508800916248,5.601999397582653,0.35701539005217137,200,1000000.0,12,49
uniform,368,700368,20,7,1400.0,0,0,15.456157587163943,2.4689808638448194,0.8100508308053473,200,1000000.0,12,49
uniform,369,700369,24,1,200.0,0,0,19.276198786829497,10.382131305348828,0.1926386732336557,200,1000000.0,12,49
uniform,370,700370,8,3,600.0,0,0,20.15145369584593,3.5584907540261623,0.5620360254518441,200,1000000.0,12,49
uniform,371,700371,8,2,400.0,0,0,41.95076608515802,23.589190744059728,0.08478459569468882,200,1000000.0,12,49
uniform,372,700372,8,2,400.0,0,0,14.208681230329745,3.0148804510888265,0.663376220863981,200,1000000.0,12,49
uniform,373,700373,24,4,800.0,0,0,52.842469701081654,7.904287417687952,0.25302723627236356,200,1000000.0,12,49
uniform,374,700374,24,7,1400.0,0,0,13.759715709298916,2.3396951008807894,0.8548122356827992,200,1000000.0,12,49
uniform,375,700375,12,1,200.0,0,0,18.381561060633345,11.161976659313702,0.17917973321787709,200,1000000.0,12,49
uniform,376,700376,24,5,1000.0,0,0,14.095929273813908,2.4576639806327787,0.813780897535495,200,1000000.0,12,49
uniform,377,700377,12,6,1200.0,0,0,12.442069020397753,2.17132110210611,0.9210982189875397,200,1000000.0,12,49
uniform,378,700378,16,5,1000.0,0,0,27.49001151743073,4.017642902099685,0.4978043217715461,200,1000000.0,12,49
uniform,379,700379,16,3,600.0,0,0,20.13959748013565,3.3808354440631194,0.5915697563784357,200,1000000.0,12,49
uniform,380,700380,24,4,800.0,0,0,10.263402757455083,1.8098004365669351,1.1050942190034279,200,1000000.0,12,49
uniform,381,700381,8,6,1200.0,0,0,8.781987079077908,2.0110186842179005,0.9945208444335335,200,1000000.0,12,49
uniform,382,700382,12,6,1200.0,0,0,17.514993446666892,6.056046242409143,0.33024846904147553,200,1000000.0,12,49
uniform,383,700383,16,2,400.0,0,0,18.716022702969553,6.035071021144521,0.3313962657593895,200,1000000.0,12,49
uniform,384,700384,8,7,1400.0,0,0,10.402402093960177,1.888250566173605,1.0591814644879713,200,1000000.0,12,49
uniform,385,700385,12,4,800.0,0,0,21.665462982802296,4.117949520647357,0.4856786101850012,200,1000000.0,12,49
uniform,386,700386,16,7,1400.0,0,0,22.834919623603582,3.5324008471413344,0.5661871589739143,200,1000000.0,12,49
uniform,387,700387,24,6,1200.0,1,1,5.0,1.6972837385346877,1000000.0,127,1000000.0,13,49
uniform,388,700388,20,0,0.0,0,0,70.16317613651609,19.62996479520592,0.10188505281927174,200,1000000.0,13,49
uniform,389,700389,24,6,1200.0,0,0,15.899278665676093,2.707262737903865,0.7387535653626759,200,1000000.0,13,49
uniform,390,700390,20,7,1400.0,0,0,41.4574588429889,5.220727560655013,0.3830883678115301,200,1000000.0,13,49
uniform,391,700391,20,6,1200.0,0,0,13.94751389670705,2.3757351246572553,0.8418446901939617,200,1000000.0,13,49
uniform,392,700392,24,2,400.0,0,0,22.50137164013063,6.845804527198389,0.2921497381431208,200,1000000.0,13,49
uniform,393,700393,20,5,1000.0,0,0,86.98688570486661,13.71886559203573,0.14578464863458304,200,1000000.0,13,49
uniform,394,700394,20,7,1400.0,0,0,9.553592996674979,1.7971945644440501,1.1128455647308761,200,1000000.0,13,49
uniform,395,700395,12,2,400.0,0,0,16.75258851898215,4.428917007891,0.4515776647962923,200,1000000.0,13,49
uniform,396,700396,8,2,400.0,0,0,23.52747232213369,6.7983304763737005,0.2941898760218583,200,1000000.0,13,49
uniform,397,700397,20,0,0.0,1,1,5.0,4.697567176237706,1000000.0,197,1000000.0,14,49
uniform,398,700398,8,6,1200.0,0,0,76.94548142658542,18.9885559449458,0.10532659807300099,200,1000000.0,14,49
uniform,399,700399,24,3,600.0,0,0,20.76642825847557,3.379950020182332,0.591724726122462,200,1000000.0,14,49
uniform,400,700400,16,6,1200.0,0,0,10.094595028829985,1.9878802621153104,1.0060968148412486,200,1000000.0,14,49
biased,1,100700001,24,1,200.0,1,1,5.0,5.89596626736026,1000000.0,196,1000000.0,1,1
biased,2,100700002,12,6,1200.0,0,0,16.73502191001694,2.8724567886821974,0.6962680893513262,200,1000000.0,1,1
biased,3,100700003,24,6,1200.0,0,0,11.032871168732868,2.0049186603574554,0.9975467032879137,200,1000000.0,1,1
biased,4,100700004,12,5,1000.0,0,0,20.448118393700952,3.2382351374014076,0.6176203750308705,200,1000000.0,1,1
biased,5,100700005,8,4,800.0,0,0,101.54465771308506,21.135640392108524,0.09462689385776765,200,1000000.0,1,1
biased,6,100700006,20,7,1400.0,0,0,16.197097290332295,2.940655101790762,0.6801205618374171,200,1000000.0,1,1
biased,7,100700007,20,7,1400.0,0,0,13.424406425686811,2.2891015331341023,0.8737052380816497,200,1000000.0,1,1
biased,8,100700008,24,7,1400.0,0,0,21.202635842626023,3.2495577044258663,0.6154683750579407,200,1000000.0,1,1
biased,9,100700009,16,6,1200.0,0,0,13.725044128267314,2.351944352739294,0.8503602551950744,200,1000000.0,1,1
biased,10,100700010,16,7,1400.0,0,0,11.982682234495769,2.027383025954863,0.9864934126387064,200,1000000.0,1,1
biased,11,100700011,20,6,1200.0,0,0,17.887374739850202,2.954236230540679,0.6769939314006598,200,1000000.0,1,1
biased,12,100700012,20,6,1200.0,0,0,17.07543995442458,3.310992314314821,0.6040485178274663,200,1000000.0,1,1
biased,13,100700013,24,6,1200.0,0,0,14.370617310081798,2.452610459615473,0.8154576655901424,200,1000000.0,1,1
biased,14,100700014,12,6,1200.0,0,0,15.961061955179161,2.7123197834264956,0.737376179689765,200,1000000.0,1,1
biased,15,100700015,20,2,400.0,0,0,28.809447394712834,7.883685106430279,0.2536884684002298,200,1000000.0,1,1
biased,16,100700016,16,3,600.0,0,0,24.351473292178525,3.9520082528869636,0.5060718176737078,200,1000000.0,1,1
biased,17,100700017,24,3,600.0,0,0,16.91241117862097,2.2111481502166006,0.9045074613404277,200,1000000.0,1,1
biased,18,100700018,24,7,1400.0,0,0,13.463991333998024,2.3374937003005813,0.8556172792007172,200,1000000.0,1,1
biased,19,100700019,24,6,1200.0,0,0,14.189676456178631,2.4073767946438713,0.8307797950240957,200,1000000.0,1,1
biased,20,100700020,20,6,1200.0,0,0,33.227855656271004,4.818568369793481,0.415061040232935,200,1000000.0,1,1
biased,21,100700021,12,4,800.0,0,0,16.709942445306297,2.7586199140354024,0.7250002038426281,200,1000000.0,1,1
biased,22,100700022,20,6,1200.0,0,0,39.48887642271848,5.646702212363813,0.3541890336665661,200,1000000.0,1,1
biased,23,100700023,24,3,600.0,0,0,77.81271860562424,10.764127909586808,0.18580232572475738,200,1000000.0,1,1
biased,24,100700024,20,4,800.0,0,0,9.57972202570727,2.430213667639096,0.8229729042479462,200,1000000.0,1,1
biased,25,100700025,20,7,1400.0,0,0,33.94261756163766,3.9967682810572076,0.5004042915069794,200,1000000.0,1,1
biased,26,100700026,20,3,600.0,0,0,22.47928223873555,3.620030072389819,0.552481598220445,200,1000000.0,1,1
biased,27,100700027,16,6,1200.0,0,0,16.272873146964002,2.78259142717361,0.7187544604891852,200,1000000.0,1,1
biased,28,100700028,24,3,600.0,0,0,40.56713938838948,6.986429098277708,0.28626927603015956,200,1000000.0,1,1
biased,29,100700029,24,6,1200.0,0,0,8.994964642473406,1.9667791806832706,1.0168909756840054,200,1000000.0,1,1
biased,30,100700030,12,0,0.0,0,0,21.38703032421745,4.876335875165435,0.41014402026442603,200,1000000.0,1,1
biased,31,100700031,24,2,400.0,0,0,39.85241756285154,7.925357274782366,0.2523545539535214,200,1000000.0,1,1
biased,32,100700032,24,6,1200.0,0,0,12.31154954173553,2.159287180897224,0.926231590542284,200,1000000.0,1,1
biased,33,100700033,24,7,1400.0,1,1,5.000000000011653,2.04559652670447,1000000.0,58,1000000.0,2,1
biased,34,100700034,24,5,1000.0,0,0,13.502113985633002,2.4958737996450497,0.8013225669841278,200,1000000.0,2,1
biased,35,100700035,24,6,1200.0,0,0,13.660133444766188,2.3071453147120407,0.8668721416230446,200,1000000.0,2,1
biased,36,100700036,16,3,600.0,0,0,17.54398272933554,3.680285501613818,0.5434361000316397,200,1000000.0,2,1
biased,37,100700037,24,7,1400.0,0,0,11.227752881649963,1.991018469250799,1.0045110233219388,200,1000000.0,2,1
biased,38,100700038,20,7,1400.0,0,0,50.528222938346744,8.031077749691535,0.24903257848260998,200,1000000.0,2,1
biased,39,100700039,20,6,1200.0,0,0,21.98363762705287,2.561244302081497,0.7808704536207735,200,1000000.0,2,1
biased,40,100700040,20,6,1200.0,0,0,8.624585111101169,2.224994773665581,0.8988785158830229,200,1000000.0,2,1
biased,41,100700041,24,7,1400.0,0,0,11.962988365293995,2.086663408403865,0.9584679502909595,200,1000000.0,2,1
biased,42,100700042,20,7,1400.0,0,0,16.56332091461377,2.620074672976127,0.763337022653714,200,1000000.0,2,1
biased,43,100700043,16,2,400.0,0,0,22.21728383753498,5.793012119848052,0.3452435380115274,200,1000000.0,2,1
biased,44,100700044,24,2,400.0,0,0,50.02632403592679,13.553330198478447,0.147565208750284,200,1000000.0,2,1
biased,45,100700045,24,0,0.0,0,0,23.141868877119748,6.183327096872326,0.3234504610004616,200,1000000.0,2,1
biased,46,100700046,12,7,1400.0,0,0,14.911864729718332,2.5255894744995397,0.7918943360327044,200,1000000.0,2,1
biased,47,100700047,24,3,600.0,0,0,33.562143792868255,5.77833488769826,0.3461204722242534,200,1000000.0,2,1
biased,48,100700048,16,7,1400.0,0,0,12.607923735625263,2.1709263259499494,0.9212657178151102,200,1000000.0,2,1
biased,49,100700049,16,7,1400.0,0,0,8.892244303284883,2.7588212985069913,0.7249472813198712,200,1000000.0,2,1
biased,50,100700050,12,2,400.0,0,0,15.780453524670833,4.490269542367959,0.4454075598645005,200,1000000.0,2,1
biased,51,100700051,20,7,1400.0,0,0,13.453784618266354,2.2357239216754556,0.8945648345083664,200,1000000.0,2,1
biased,52,100700052,24,5,1000.0,0,0,13.492063663088402,2.418736734208124,0.8268779200787161,200,1000000.0,2,1
biased,53,100700053,24,5,1000.0,0,0,15.165572137900426,2.622514497300691,0.7626268613800097,200,1000000.0,2,1
biased,54,100700054,20,2,400.0,0,0,21.1355753923051,5.17789306602987,0.3862574940222728,200,1000000.0,2,1
biased,55,100700055,16,5,1000.0,0,0,16.045838703044865,2.7734008965545374,0.7211362780204795,200,1000000.0,2,1
biased,56,100700056,20,4,800.0,0,0,20.551171499417308,7.5506256228733495,0.2648787133534123,200,1000000.0,2,1
biased,57,100700057,20,6,1200.0,0,0,12.234824515178275,2.2068594180435928,0.9062652489994237,200,1000000.0,2,1
biased,58,100700058,20,3,600.0,0,0,17.64735229654127,3.5348030699939956,0.5658023828759992,200,1000000.0,2,1
biased,59,100700059,24,2,400.0,0,0,30.65185209924175,9.124059506631914,0.2192006747157096,200,1000000.0,2,1
biased,60,100700060,16,2,400.0,0,0,21.42153864771379,9.236916541244883,0.21652247165702496,200,1000000.0,2,1
biased,61,100700061,20,1,200.0,0,0,23.502000612463917,7.52452144666057,0.26579763433163084,200,1000000.0,2,1
biased,62,100700062,24,7,1400.0,0,0,12.852910161107275,2.2036421204875745,0.907588388062524,200,1000000.0,2,1
biased,63,100700063,24,4,800.0,0,0,5.841681223651221,2.1396191611298545,0.9347457885654161,200,1000000.0,2,1
biased,64,100700064,16,5,1000.0,0,0,14.335075673459642,2.488853114659138,0.8035829789312058,200,1000000.0,2,1
biased,65,100700065,24,6,1200.0,0,0,12.095114168182477,2.1441805545647585,0.9327572697841086,200,1000000.0,2,1
biased,66,100700066,20,6,1200.0,0,0,15.202988691945393,2.589103196801692,0.7724682440122863,200,1000000.0,2,1
biased,67,100700067,20,4,800.0,0,0,5.505581439605976,2.550052593773965,0.7842975493458699,200,1000000.0,2,1
biased,68,100700068,20,0,0.0,0,0,16.47998270981975,4.967263182562455,0.40263620559123725,200,1000000.0,2,1
biased,69,100700069,20,4,800.0,0,0,18.787663917560167,3.2476866116536893,0.6158229654374257,200,1000000.0,2,1
biased,70,100700070,16,4,800.0,0,0,21.71473445069114,3.4648430710896463,0.5772267196421762,200,1000000.0,2,1
biased,71,100700071,20,7,1400.0,0,0,10.694474458101013,1.9632542662089574,1.0187167472005543,200,1000000.0,2,1
biased,72,100700072,20,2,400.0,0,0,23.604212108609318,5.723603421032278,0.3494302195450311,200,1000000.0,2,1
biased,73,100700073,20,5,1000.0,0,0,15.235419795123107,2.572497072600949,0.777454723389784,200,1000000.0,2,1
biased,74,100700074,24,7,1400.0,0,0,9.889584368332692,1.8481108533264243,1.0821861667010881,200,1000000.0,2,1
biased,75,100700075,20,6,1200.0,0,0,99.8591896580383,13.236019789892095,0.15110282635927555,200,1000000.0,2,1
biased,76,100700076,20,5,1000.0,0,0,13.680318230768762,2.4014323571043414,0.8328362837634159,200,1000000.0,2,1
biased,77,100700077,20,1,200.0,0,0,32.388872832751986,8.680113451241153,0.2304117349657479,200,1000000.0,2,1
biased,78,100700078,8,6,1200.0,0,0,14.633696002292936,2.490822076584914,0.802947757208791,200,1000000.0,2,1
biased,79,100700079,8,3,600.0,0,0,19.619072655316074,3.525563902044775,0.5672851366670817,200,1000000.0,2,1
biased,80,100700080,20,5,1000.0,0,0,15.418436520939395,2.918151045096447,0.6853654828322633,200,1000000.0,2,1
biased,81,100700081,24,5,1000.0,0,0,14.834461716563055,2.566112260140878,0.7793891292543067,200,1000000.0,2,1
biased,82,100700082,16,6,1200.0,0,1,6.187146859242631,1.4500526095502582,1.3792603018867784,200,1000000.0,3,1
biased,83,100700083,16,6,1200.0,0,0,17.173184698410637,2.765156464856192,0.7232863765284308,200,1000000.0,3,1
biased,84,100700084,20,6,1200.0,0,0,13.662513631651677,2.379004248020704,0.840687864119608,200,1000000.0,3,1
biased,85,100700085,16,4,800.0,0,0,131.57474530032846,22.504791418511438,0.08886996385822483,200,1000000.0,3,1
biased,86,100700086,12,6,1200.0,0,0,16.06183490433591,2.7276838716289817,0.7332227978477556,200,1000000.0,3,1
biased,87,100700087,12,6,1200.0,0,0,12.275769522436349,2.153664808298719,0.9286496172911392,200,1000000.0,3,1
biased,88,100700088,12,5,1000.0,0,0,13.831321696943917,2.4160148476392447,0.8278094821951345,200,1000000.0,3,1
biased,89,100700089,20,6,1200.0,1,1,5.00000123119446,2.9363818431106474,1000000.0,39,1000000.0,4,1
biased,90,100700090,8,7,1400.0,0,0,38.387977348818595,6.1829749408771475,0.323468883365112,200,1000000.0,4,1
biased,91,100700091,20,7,1400.0,0,0,8.410732073476197,2.9675460176504016,0.6739575353185355,200,1000000.0,4,1
biased,92,100700092,20,4,800.0,0,0,27.507378914601304,3.980529327833819,0.5024457390666653,200,1000000.0,4,1
biased,93,100700093,24,2,400.0,0,0,17.938978169369875,5.701104500325489,0.35080921598364234,200,1000000.0,4,1
biased,94,100700094,12,0,0.0,0,0,22.57534734006947,10.568465117690161,0.1892422388424478,200,1000000.0,4,1
biased,95,100700095,24,7,1400.0,0,0,13.114485363046583,2.2406296390721696,0.892606241176113,200,1000000.0,4,1
biased,96,100700096,20,5,1000.0,0,0,13.877911274553526,2.4228708979819586,0.8254670117445493,200,1000000.0,4,1
biased,97,100700097,20,5,1000.0,0,0,13.892720356054383,2.4235465801794005,0.8252368724235339,200,1000000.0,4,1
biased,98,100700098,20,5,1000.0,0,0,18.194245801659463,3.1898232058381746,0.6269939965135057,200,1000000.0,4,1
biased,99,100700099,20,4,800.0,0,0,17.191668882875092,2.9053274563092066,0.688390561847616,200,1000000.0,4,1
biased,100,100700100,16,1,200.0,0,0,22.94739124591456,6.40857326634661,0.31208194349631846,200,1000000.0,4,1
biased,101,100700101,16,2,400.0,0,0,7.757706005549323,3.497123349557097,0.5718986149725876,200,1000000.0,4,1
biased,102,100700102,24,7,1400.0,0,0,6.963093554084139,3.0655586330095708,0.6524096386427707,200,1000000.0,4,1
biased,103,100700103,20,6,1200.0,0,0,24.8441200106995,3.747736560748014,0.5336554391114455,200,1000000.0,4,1
biased,104,100700104,8,5,1000.0,0,0,115.39000819700959,19.91622455876961,0.10042063916774578,200,1000000.0,4,1
biased,105,100700105,24,5,1000.0,0,0,15.631605746274545,2.6998541794412665,0.7407807485417227,200,1000000.0,4,1
biased,106,100700106,16,3,600.0,0,0,14.791252874235596,3.0938779964654146,0.6464379016512254,200,1000000.0,4,1
biased,107,100700107,20,6,1200.0,0,0,12.992194832992823,2.247906995316668,0.8897165248236861,200,1000000.0,4,1
biased,108,100700108,12,5,1000.0,0,0,17.760845605711324,3.115737630614478,0.6419025723952132,200,1000000.0,4,1
biased,109,100700109,24,2,400.0,0,0,22.453599248863156,6.076773189548139,0.3291220418494371,200,1000000.0,4,1
biased,110,100700110,20,7,1400.0,0,0,12.73838044046147,1.7718709785216642,1.1287503572459165,200,1000000.0,4,1
biased,111,100700111,20,2,400.0,0,0,59.22471688472584,17.039122257513778,0.11737693818811915,200,1000000.0,4,1
biased,112,100700112,24,6,1200.0,0,0,21.257976620696354,3.1519767662853013,0.6345224436273557,200,1000000.0,4,1
biased,113,100700113,20,4,800.0,0,0,17.30547561709588,2.720961889166866,0.7350341833021344,200,1000000.0,4,1
biased,114,100700114,16,3,600.0,0,0,20.060188359494305,3.3104765323552376,0.6041426303593521,200,1000000.0,4,1
biased,115,100700115,24,5,1000.0,0,0,14.515495018892693,2.388235573904858,0.8374383255375105,200,1000000.0,4,1
biased,116,100700116,12,3,600.0,0,0,94.91299654188902,16.112206726281023,0.12412948976987428,200,1000000.0,4,1
biased,117,100700117,16,7,1400.0,0,0,16.218451170743037,2.6706117546913886,0.7488920830542501,200,1000000.0,4,1
biased,118,100700118,20,3,600.0,0,0,39.54480408745553,7.08577254442066,0.2822557438108567,200,1000000.0,4,1
biased,119,100700119,8,5,1000.0,0,0,20.437371745107612,3.413345583830569,0.5859353970703236,200,1000000.0,4,1
biased,120,100700120,24,5,1000.0,0,0,58.9983661076576,8.368765178169319,0.23898388321579161,200,1000000.0,4,1
biased,121,100700121,24,5,1000.0,0,0,13.696082022965697,2.399229394076527,0.8336009907755436,200,1000000.0,4,1
biased,122,100700122,16,2,400.0,0,0,16.904446777385232,5.932918304363446,0.3371022315491977,200,1000000.0,4,1
biased,123,100700123,24,5,1000.0,0,0,13.145896660022913,2.328232139509958,0.859020870840206,200,1000000.0,4,1
biased,124,100700124,12,4,800.0,0,0,35.44609564167956,8.577215785148802,0.2331758988112368,200,1000000.0,4,1
biased,125,100700125,20,6,1200.0,0,0,13.061362348279772,2.3041524490331398,0.8679981226238884,200,1000000.0,4,1
biased,126,100700126,16,5,1000.0,0,0,13.449568374159298,2.36440748059661,0.8458778854376408,200,1000000.0,4,1
biased,127,100700127,16,7,1400.0,0,0,21.210012850636986,3.111891255478009,0.6426959799701566,200,1000000.0,4,1
biased,128,100700128,24,5,1000.0,0,0,18.426782124776423,2.9135952771629983,0.6864371368515614,200,1000000.0,4,1
biased,129,100700129,12,6,1200.0,0,0,16.434207988761386,2.736611296362855,0.730830864674913,200,1000000.0,4,1
biased,130,100700130,12,5,1000.0,0,0,17.339901403024783,3.017537793488617,0.6627920300834982,200,1000000.0,4,1
biased,131,100700131,24,7,1400.0,0,0,10.940654169300274,1.9518900793523764,1.024647863707359,200,1000000.0,4,1
biased,132,100700132,24,4,800.0,0,0,17.929394533641016,3.059801029951591,0.6536372726273779,200,1000000.0,4,1
biased,133,100700133,24,5,1000.0,0,0,14.345004500097502,2.4716242062229488,0.8091845010113132,200,1000000.0,4,1
biased,134,100700134,16,6,1200.0,0,0,45.55171943429161,6.488257012381021,0.30824919484286156,200,1000000.0,4,1
biased,135,100700135,16,6,1200.0,0,0,17.02030341575926,2.927035326982551,0.6832852277398983,200,1000000.0,4,1
biased,136,100700136,20,4,800.0,1,1,5.0,2.5729453281391255,1000000.0,162,1000000.0,5,1
biased,137,100700137,24,1,200.0,0,0,5.608608071227991,4.42406618871757,0.45207280241432185,200,1000000.0,5,1
biased,138,100700138,12,2,400.0,0,0,23.07644350828798,7.181576748922369,0.27849037473561916,200,1000000.0,5,1
biased,139,100700139,24,5,1000.0,0,0,35.84499055640009,5.866429078917017,0.3409228975745521,200,1000000.0,5,1
biased,140,100700140,20,7,1400.0,0,0,35.75097995282704,6.280962326017436,0.3184225435830847,200,1000000.0,5,1
biased,141,100700141,8,7,1400.0,0,0,13.368708404339941,2.282339985134611,0.8762936341765231,200,1000000.0,5,1
biased,142,100700142,20,7,1400.0,0,0,13.572070586977702,2.3076995663373436,0.866663940650772,200,1000000.0,5,1
biased,143,100700143,24,6,1200.0,0,0,12.668634015795647,2.2045543094922033,0.9072128508644813,200,1000000.0,5,1
biased,144,100700144,20,7,1400.0,0,0,8.142595596613774,1.7402576333045268,1.149255122761482,200,1000000.0,5,1
biased,145,100700145,16,7,1400.0,0,0,16.054680122047557,2.7076268317877727,0.7386542253606839,200,1000000.0,5,1
biased,146,100700146,16,5,1000.0,0,0,18.546298927884663,3.3043972449994468,0.6052541058816718,200,1000000.0,5,1
biased,147,100700147,24,5,1000.0,0,0,13.216316823902616,2.3300594933550363,0.8583471819941447,200,1000000.0,5,1
biased,148,100700148,20,5,1000.0,0,0,14.349130623386145,2.4691700142727604,0.8099887769733247,200,1000000.0,5,1
biased,149,100700149,12,3,600.0,0,0,18.960598592168935,3.195801239797968,0.6258211477902912,200,1000000.0,5,1
biased,150,100700150,8,4,800.0,0,0,22.168416481143367,3.9743883203233406,0.5032220907486181,200,1000000.0,5,1
biased,151,100700151,24,4,800.0,1,1,5.0,2.034257906150446,1000000.0,61,1000000.0,6,1
biased,152,100700152,24,5,1000.0,0,0,5.988213865161924,3.07175904204285,0.6510927363202014,200,1000000.0,6,1
biased,153,100700153,16,7,1400.0,0,0,11.484866223813242,3.113315269911223,0.6424020141259354,200,1000000.0,6,1
biased,154,100700154,8,6,1200.0,0,0,15.000048309275826,2.5536730153104634,0.7831856263543003,200,1000000.0,6,1
biased,155,100700155,20,6,1200.0,0,0,15.335058860885454,2.4422726938284294,0.8189093728370125,200,1000000.0,6,1
biased,156,100700156,16,7,1400.0,0,0,22.52712700880744,4.555643026606741,0.4390159607149235,200,1000000.0,6,1
biased,157,100700157,8,6,1200.0,0,0,11.696533689542264,1.6771182932459168,1.1925217249459332,200,1000000.0,6,1
biased,158,100700158,16,6,1200.0,0,0,11.969976093336243,3.1401415441488636,0.63691396450796,200,1000000.0,6,1
biased,159,100700159,24,5,1000.0,0,0,38.259782031698705,5.267435388554051,0.37969141574017756,200,1000000.0,6,1
biased,160,100700160,8,5,1000.0,0,0,14.96956792754429,2.5868364783069917,0.77314512021608,200,1000000.0,6,1
biased,161,100700161,12,6,1200.0,0,0,27.147901731617594,4.758088174370614,0.42033689303468075,200,1000000.0,6,1
biased,162,100700162,24,7,1400.0,0,0,6.4115660330882065,1.658872061474096,1.2056384856001332,200,1000000.0,6,1
biased,163,100700163,12,6,1200.0,0,0,13.527374563525541,2.326220652374837,0.859763667714927,200,1000000.0,6,1
biased,164,100700164,20,7,1400.0,0,0,12.24989252074721,2.122719905325472,0.9421874242486761,200,1000000.0,6,1
biased,165,100700165,12,6,1200.0,0,0,50.419791850274066,5.88322713657357,0.3399494790141339,200,1000000.0,6,1
biased,166,100700166,8,7,1400.0,0,0,14.122525152270214,2.3934275597535626,0.8356216973643975,200,1000000.0,6,1
biased,167,100700167,20,3,600.0,0,0,14.056851334236285,3.2781771916670066,0.6100951483293579,200,1000000.0,6,1
biased,168,100700168,8,5,1000.0,0,0,17.037663168495556,2.9656647178054514,0.6743850671966624,200,1000000.0,6,1
biased,169,100700169,16,6,1200.0,0,0,15.007020493608252,2.558467374475467,0.7817180003751414,200,1000000.0,6,1
biased,170,100700170,24,4,800.0,0,0,12.719390478281184,2.4205061823238196,0.8262734524726103,200,1000000.0,6,1
biased,171,100700171,16,6,1200.0,0,0,25.99013084172975,3.769598506629515,0.5305604818345088,200,1000000.0,6,1
biased,172,100700172,24,6,1200.0,0,0,12.499644751930077,2.182393048152305,0.9164252065837885,200,1000000.0,6,1
biased,173,100700173,8,0,0.0,0,0,21.02004212409787,49.775015026519746,0.04757364395828572,200,1000000.0,6,1
biased,174,100700174,20,7,1400.0,0,0,12.004336142289048,2.0918534452467688,0.9560899232900453,200,1000000.0,6,1
biased,175,100700175,20,6,1200.0,1,1,5.000000000000227,1.5794909717744352,1000000.0,159,1000000.0,7,1
biased,176,100700176,12,7,1400.0,1,1,5.000000000000057,1.1489203805950643,1000000.0,53,1000000.0,8,1
biased,177,100700177,12,0,0.0,0,0,20.3905972439361,5.031895539852857,0.3974645308432782,200,1000000.0,8,1
biased,178,100700178,20,2,400.0,0,0,23.523043782130117,5.516147898249098,0.3625718593649071,200,1000000.0,8,1
biased,179,100700179,24,4,800.0,0,0,17.70028030755816,3.0153272706441046,0.6632779199362926,200,1000000.0,8,1
biased,180,100700180,16,5,1000.0,0,0,14.51698656365511,2.4958138548191364,0.8013418132679344,200,1000000.0,8,1
biased,181,100700181,16,6,1200.0,1,1,5.0,2.595131983380523,1000000.0,71,1000000.0,9,1
biased,182,100700182,16,7,1400.0,0,0,10.783314172553816,1.578480243946891,1.2670415151976342,200,1000000.0,9,1
biased,183,100700183,20,6,1200.0,0,0,15.458694383361944,2.6266625232867478,0.7614225208868463,200,1000000.0,9,1
biased,184,100700184,16,3,600.0,0,0,19.57459230448069,3.3995445552770467,0.5883141013390865,200,1000000.0,9,1
biased,185,100700185,12,4,800.0,0,0,18.340119079699207,3.170111221765222,0.6308926911675781,200,1000000.0,9,1
biased,186,100700186,24,6,1200.0,0,0,22.35363335289503,3.578478715111499,0.5588967153987064,200,1000000.0,9,1
biased,187,100700187,20,5,1000.0,0,0,22.194519525274814,3.388607572166301,0.5902129288820013,200,1000000.0,9,1
biased,188,100700188,24,5,1000.0,0,0,13.187271957210328,2.326010623381463,0.8598413007643441,200,1000000.0,9,1
biased,189,100700189,20,7,1400.0,0,0,42.3125755539636,7.0994264727641045,0.28171289718580833,200,1000000.0,9,1
biased,190,100700190,16,6,1200.0,0,0,20.353436322393236,3.2011155868768664,0.6247821878719719,200,1000000.0,9,1
biased,191,100700191,20,7,1400.0,0,0,10.743470887539956,1.9268713525847139,1.0379520134113733,200,1000000.0,9,1
biased,192,100700192,16,6,1200.0,1,1,5.0,1.7854803395699288,1000000.0,119,1000000.0,10,1
biased,193,100700193,24,3,600.0,0,0,7.195257986636193,3.0759721491892518,0.6502009455863081,200,1000000.0,10,1
biased,194,100700194,20,7,1400.0,0,0,7.135333982783891,2.237949044823131,0.8936753965093354,200,1000000.0,10,1
biased,195,100700195,20,5,1000.0,0,0,22.165891658197097,3.681941906467176,0.5431916230093375,200,1000000.0,10,1
biased,196,100700196,12,7,1400.0,0,0,13.71223814242012,2.2828042630007603,0.8761154131414612,200,1000000.0,10,1
biased,197,100700197,20,7,1400.0,0,0,8.740157457976125,2.26241275429739,0.8840119895014982,200,1000000.0,10,1
biased,198,100700198,16,5,1000.0,0,0,52.30472355116149,8.301687069291448,0.24091488673406483,200,1000000.0,10,1
biased,199,100700199,20,7,1400.0,0,0,9.554545024629874,1.7888274782741092,1.1180508038313643,200,1000000.0,10,1
biased,200,100700200,20,5,1000.0,0,0,13.869670807296188,2.409602372962846,0.8300124628200797,200,1000000.0,10,1
biased,201,100700201,8,7,1400.0,0,0,69.52272693226132,10.84306413893131,0.18444970668568966,200,1000000.0,10,1
biased,202,100700202,20,5,1000.0,0,0,17.353203985998448,3.1972170926020493,0.6255440097038589,200,1000000.0,10,1
biased,203,100700203,24,7,1400.0,0,0,19.946704724006395,2.9814355268752273,0.6708177929630271,200,1000000.0,10,1
biased,204,100700204,8,6,1200.0,0,0,59.283494653171374,9.965262531442868,0.20069717116729294,200,1000000.0,10,1
biased,205,100700205,20,6,1200.0,0,0,13.066959519903776,2.258939661414937,0.88537114742908,200,1000000.0,10,1
biased,206,100700206,24,1,200.0,0,0,16.483826908769174,7.03847792326407,0.2841523439875346,200,1000000.0,10,1
biased,207,100700207,24,2,400.0,1,1,5.0,3.9563426372525616,1000000.0,101,1000000.0,11,1
biased,208,100700208,24,7,1400.0,0,0,12.685822342437405,2.1818454225973065,0.9166552218988847,200,1000000.0,11,1
biased,209,100700209,24,1,200.0,0,0,21.701926716437356,5.027038231062245,0.3978485756567217,200,1000000.0,11,1
biased,210,100700210,24,2,400.0,0,0,22.21144938627623,6.424403986819573,0.3113129255419238,200,1000000.0,11,1
biased,211,100700211,8,3,600.0,0,0,20.671158195570342,3.3567021209607266,0.5958229023395073,200,1000000.0,11,1
biased,212,100700212,12,6,1200.0,0,0,15.636609608927529,2.662709577228654,0.7511145853471554,200,1000000.0,11,1
biased,213,100700213,16,7,1400.0,0,0,10.252849129836363,1.8710703286109913,1.0689069082105112,200,1000000.0,11,1
biased,214,100700214,8,1,200.0,0,0,23.91897170631978,7.385594100695228,0.2707974433379346,200,1000000.0,11,1
biased,215,100700215,20,7,1400.0,1,1,5.000267475656784,1.5462336590554404,1000000.0,17,1000000.0,12,1
biased,216,100700216,20,6,1200.0,0,0,6.858960760570085,2.9662061838000997,0.6742619616003016,200,1000000.0,12,1
biased,217,100700217,12,2,400.0,0,0,80.0118346960121,22.025339711323703,0.0908045018244035,200,1000000.0,12,1
biased,218,100700218,16,1,200.0,0,0,57.97782403494011,9.84284578921681,0.20319326776317798,200,1000000.0,12,1
biased,219,100700219,24,2,400.0,0,0,62.504974274396545,21.02384883937571,0.09513005992766588,200,1000000.0,12,1
biased,220,100700220,24,6,1200.0,1,1,5.0,1.9001755318863618,1000000.0,67,1000000.0,13,1
biased,221,100700221,20,4,800.0,0,0,20.934235894775725,3.858626829851506,0.5183191037100023,200,1000000.0,13,1
biased,222,100700222,20,1,200.0,0,0,87.69199939242549,32.77603957690672,0.061020185044234454,200,1000000.0,13,1
biased,223,100700223,20,7,1400.0,0,0,14.222602920369127,2.3813130989101197,0.8398727579818718,200,1000000.0,13,1
biased,224,100700224,24,3,600.0,1,1,5.0,2.5413288403563383,1000000.0,100,1000000.0,14,1
biased,225,100700225,24,7,1400.0,0,0,12.412363097615525,2.144310521454876,0.9327007352661946,200,1000000.0,14,1
biased,226,100700226,24,6,1200.0,0,0,14.171933974624977,2.592416504222314,0.771480970261748,200,1000000.0,14,1
biased,227,100700227,24,5,1000.0,0,0,13.164380751814633,2.330368079093644,0.8582335202505285,200,1000000.0,14,1
biased,228,100700228,20,7,1400.0,0,0,22.644129277283128,3.237841398225739,0.6176954810374445,200,1000000.0,14,1
biased,229,100700229,12,1,200.0,0,0,24.020559057873015,6.453093905557206,0.309928854169883,200,1000000.0,14,1
biased,230,100700230,16,5,1000.0,0,0,14.493071651095306,2.5139403403804343,0.7955638277785623,200,1000000.0,14,1
biased,231,100700231,12,6,1200.0,0,0,30.917185203105646,4.996398970307482,0.4002882900035741,200,1000000.0,14,1
biased,232,100700232,24,6,1200.0,0,0,16.70943383380404,2.4383888851928446,0.8202137124824641,200,1000000.0,14,1
biased,233,100700233,24,4,800.0,0,0,46.8358492912414,7.980947460732265,0.2505968132029899,200,1000000.0,14,1
biased,234,100700234,16,6,1200.0,0,0,21.82609912887574,3.497231435399741,0.5718809398072895,200,1000000.0,14,1
biased,235,100700235,20,2,400.0,0,0,18.189779161687966,7.873728425326082,0.2540092687940494,200,1000000.0,14,1
biased,236,100700236,20,4,800.0,0,0,17.566984963482014,2.9808507478792854,0.6709493930291184,200,1000000.0,14,1
biased,237,100700237,20,4,800.0,0,0,13.569718920976584,2.4943580344941667,0.801809512645037,200,1000000.0,14,1
biased,238,100700238,24,4,800.0,0,0,80.00477367232907,12.893514082491386,0.15511674995693217,200,1000000.0,14,1
biased,239,100700239,24,6,1200.0,1,1,5.0,1.4267567664433063,1000000.0,40,1000000.0,15,1
biased,240,100700240,24,4,800.0,1,1,4.999999999999886,2.42605712972225,1000000.0,178,1000000.0,16,1
biased,241,100700241,24,3,600.0,0,0,19.711952136887476,3.425762618107508,0.5838116130489096,200,1000000.0,16,1
biased,242,100700242,24,4,800.0,0,0,61.10597865964678,8.054619822717736,0.24830470512823946,200,1000000.0,16,1
biased,243,100700243,20,2,400.0,0,0,16.930435297249602,4.887265801697332,0.4092267703764764,200,1000000.0,16,1
biased,244,100700244,24,6,1200.0,0,0,54.062006123012225,7.762329587914307,0.2576546096566081,200,1000000.0,16,1
biased,245,100700245,20,2,400.0,0,0,9.027785042074584,4.345297903864196,0.46026763739752696,200,1000000.0,16,1
biased,246,100700246,12,2,400.0,0,0,23.76483409664479,6.318173576336075,0.3165471755145741,200,1000000.0,16,1
biased,247,100700247,20,7,1400.0,1,1,5.000000000000057,4.681690703580159,1000000.0,78,1000000.0,17,1
biased,248,100700248,8,7,1400.0,0,0,16.6352516125786,2.8202522242524517,0.7091564303366975,200,1000000.0,17,1
biased,249,100700249,16,4,800.0,0,0,18.900835607341946,3.08358261609748,0.6485962106412312,200,1000000.0,17,1
biased,250,100700250,20,7,1400.0,0,0,57.04448753973338,7.181917892580531,0.2784771463436184,200,1000000.0,17,1
biased,251,100700251,8,3,600.0,0,0,70.71626466462385,9.56429860844834,0.20911099515790518,200,1000000.0,17,1
biased,252,100700252,24,6,1200.0,0,0,22.82572644032234,3.4315838219822856,0.5828212579824676,200,1000000.0,17,1
biased,253,100700253,24,3,600.0,0,0,17.591429302397046,2.9541937259160393,0.6770036719172294,200,1000000.0,17,1
biased,254,100700254,16,4,800.0,0,0,17.352924414866834,2.936753861029482,0.6810240471766668,200,1000000.0,17,1
biased,255,100700255,24,5,1000.0,0,0,18.366447688203607,2.977373774556832,0.6717329268803983,200,1000000.0,17,1
biased,256,100700256,20,2,400.0,0,0,20.055486968532023,5.054069302824593,0.39572073119026085,200,1000000.0,17,1
biased,257,100700257,24,7,1400.0,0,0,10.627763486008064,1.9182742546105538,1.0426037857689114,200,1000000.0,17,1
biased,258,100700258,24,7,1400.0,0,0,17.148939073344422,2.6498929662837054,0.7547474654438077,200,1000000.0,17,1
biased,259,100700259,20,5,1000.0,0,0,17.250565372986557,2.996334315126519,0.6674822598744462,200,1000000.0,17,1
biased,260,100700260,16,1,200.0,0,0,15.968740015770322,5.238641091507728,0.38177839731035706,200,1000000.0,17,1
biased,261,100700261,24,2,400.0,0,0,21.59254567647656,5.482725298843011,0.3647820912023531,200,1000000.0,17,1
biased,262,100700262,16,7,1400.0,0,0,16.890598810999336,2.6700862972979973,0.7490394606436154,200,1000000.0,17,1
biased,263,100700263,24,4,800.0,0,0,17.420668024594875,2.9602374123885076,0.675621486178797,200,1000000.0,17,1
biased,264,100700264,20,3,600.0,0,0,18.973895066815885,3.246068026159658,0.6161300329759725,200,1000000.0,17,1
biased,265,100700265,20,3,600.0,0,0,20.49573486634813,3.871139281805441,0.5166437718735943,200,1000000.0,17,1
biased,266,100700266,12,2,400.0,0,0,18.057080571900514,6.9611464753001515,0.28730899530651866,200,1000000.0,17,1
biased,267,100700267,24,4,800.0,0,0,18.362740992283648,3.10762771927152,0.6435777321708385,200,1000000.0,17,1
biased,268,100700268,12,7,1400.0,0,0,14.199704300825942,2.4056386775936613,0.8313800483124015,200,1000000.0,17,1
biased,269,100700269,24,2,400.0,0,0,41.51432351027256,10.827795829974425,0.1847097997972431,200,1000000.0,17,1
biased,270,100700270,24,2,400.0,0,0,22.99995689713535,6.652647088092803,0.30063221053461364,200,1000000.0,17,1
biased,271,100700271,20,0,0.0,0,0,20.43902707826831,9.77434210419337,0.20461735211231905,200,1000000.0,17,1
biased,272,100700272,20,4,800.0,0,0,9.940931958701412,1.6601352900697284,1.2047210922888079,200,1000000.0,17,1
biased,273,100700273,24,6,1200.0,0,0,22.847497484453243,3.349752223677224,0.5970590857029061,200,1000000.0,17,1
biased,274,100700274,20,7,1400.0,1,1,5.441530837340167,0.7852221800344754,1000000.0,10,1000000.0,18,1
biased,275,100700275,12,3,600.0,0,0,20.06536530448352,3.525496729264518,0.5672959453907183,200,1000000.0,18,1
biased,276,100700276,24,5,1000.0,0,0,40.9938115492339,6.770630358198215,0.29539347065052823,200,1000000.0,18,1
biased,277,100700277,16,6,1200.0,0,0,15.351320769897939,2.6120520334314614,0.7656815309963766,200,1000000.0,18,1
biased,278,100700278,20,6,1200.0,0,0,10.415838212574727,3.1803613660195382,0.6288593558483421,200,1000000.0,18,1
biased,279,100700279,24,7,1400.0,0,0,46.57746645607881,6.584427725731546,0.3037469744233232,200,1000000.0,18,1
biased,280,100700280,8,7,1400.0,0,0,43.94662990344159,7.1074711828495305,0.28139403573327737,200,1000000.0,18,1
biased,281,100700281,24,5,1000.0,0,0,14.500691937703095,2.511487043250233,0.7963409587857982,200,1000000.0,18,1
biased,282,100700282,24,6,1200.0,1,1,4.999999999999886,2.9153907341777674,1000000.0,147,1000000.0,19,1
biased,283,100700283,12,5,1000.0,0,0,12.77152863184233,2.275307439430527,0.8790020923504598,200,1000000.0,19,1
biased,284,100700284,8,7,1400.0,0,0,52.1257098057485,6.426803563870089,0.31119669056691085,200,1000000.0,19,1
biased,285,100700285,16,6,1200.0,0,0,10.919997348822506,1.9946162857110323,1.00269912279747,200,1000000.0,19,1
biased,286,100700286,16,7,1400.0,0,0,12.16041109692253,2.086791896205373,0.9584089355708179,200,1000000.0,19,1
biased,287,100700287,24,6,1200.0,0,0,15.120538320279593,2.567396911384287,0.7789991454502613,200,1000000.0,19,1
biased,288,100700288,8,2,400.0,0,0,77.22866055306872,26.717307621586503,0.07485784227689474,200,1000000.0,19,1
biased,289,100700289,24,4,800.0,0,0,17.41264028729688,2.958778177097859,0.6759546949077865,200,1000000.0,19,1
biased,290,100700290,24,7,1400.0,0,0,10.649241981831892,1.9202411138030653,1.0415358704818953,200,1000000.0,19,1
biased,291,100700291,20,5,1000.0,0,0,21.372453739688126,3.38334948502439,0.5911301829304171,200,1000000.0,19,1
biased,292,100700292,20,6,1200.0,0,0,16.324879779798493,2.7738634416373324,0.7210160276741876,200,1000000.0,19,1
biased,293,100700293,24,5,1000.0,0,0,72.06513855428398,11.806936047604427,0.16939195672240392,200,1000000.0,19,1
biased,294,100700294,24,4,800.0,0,0,33.17993117567289,4.670765993865995,0.4281952901572359,200,1000000.0,19,1
biased,295,100700295,24,4,800.0,0,0,20.23583678607747,3.3189441276647327,0.6026012861527847,200,1000000.0,19,1
biased,296,100700296,20,3,600.0,0,0,11.295381888128134,2.744150846534931,0.7288229080137565,200,1000000.0,19,1
biased,297,100700297,20,4,800.0,0,0,24.106475723323456,3.9304072481137875,0.5088531222711858,200,1000000.0,19,1
biased,298,100700298,12,2,400.0,0,0,22.655186001881702,6.858399060564375,0.2916132441898796,200,1000000.0,19,1
biased,299,100700299,24,2,400.0,0,0,22.980841027113797,5.446653035412119,0.36719798140192544,200,1000000.0,19,1
biased,300,100700300,16,3,600.0,0,0,15.292293733070096,3.2843290047911977,0.6089523909091898,200,1000000.0,19,1
biased,301,100700301,16,2,400.0,0,0,20.829372347170192,5.830460506879817,0.3430260778955699,200,1000000.0,19,1
biased,302,100700302,20,7,1400.0,0,0,9.837570417011193,1.8226316927903983,1.0973143986858123,200,1000000.0,19,1
biased,303,100700303,12,6,1200.0,0,0,20.557003354861763,3.335814173991767,0.5995537807811162,200,1000000.0,19,1
biased,304,100700304,24,0,0.0,0,0,31.683991115497292,7.482417579428156,0.26729328840169464,200,1000000.0,19,1
biased,305,100700305,24,7,1400.0,0,0,11.266248731158043,1.8767580497138334,1.0656674685929592,200,1000000.0,19,1
biased,306,100700306,24,7,1400.0,0,0,12.548771468431937,2.1591799639553244,0.9262775837991158,200,1000000.0,19,1
biased,307,100700307,20,6,1200.0,0,0,16.834571209975365,2.8663262434309784,0.6977572788804424,200,1000000.0,19,1
biased,308,100700308,16,1,200.0,0,0,20.750211321809388,8.477671741433701,0.23591382881991255,200,1000000.0,19,1
biased,309,100700309,16,4,800.0,0,0,11.04786447706988,2.282331366968787,0.876296943092993,200,1000000.0,19,1
biased,310,100700310,24,6,1200.0,0,0,34.21166512951777,5.117161682713318,0.39084166653485963,200,1000000.0,19,1
biased,311,100700311,20,5,1000.0,0,0,15.882681995026473,2.7625981542566986,0.7239561775998209,200,1000000.0,19,1
biased,312,100700312,24,4,800.0,0,0,17.4390521228554,2.871461639441156,0.6965093917776454,200,1000000.0,19,1
biased,313,100700313,16,5,1000.0,0,0,18.486704108792907,6.20226905503529,0.3224626313778353,200,1000000.0,19,1
biased,314,100700314,8,6,1200.0,0,0,15.23163394204164,2.478316811895562,0.8069993272854744,200,1000000.0,19,1
biased,315,100700315,16,4,800.0,0,0,17.886662413764952,3.043734987575149,0.6570874298071986,200,1000000.0,19,1
biased,316,100700316,20,3,600.0,0,0,16.177954553206035,4.031429729491496,0.49610191277035354,200,1000000.0,19,1
biased,317,100700317,8,2,400.0,0,0,55.73123382619656,21.780393751838822,0.09182570447474803,200,1000000.0,19,1
biased,318,100700318,16,7,1400.0,0,0,71.86695232815111,10.158517850601077,0.19687911459265295,200,1000000.0,19,1
biased,319,100700319,24,7,1400.0,0,0,10.931955284747119,1.9555716470129705,1.0227188571970203,200,1000000.0,19,1
biased,320,100700320,20,6,1200.0,0,0,12.76275966757521,2.234100458830189,0.8952148915663497,200,1000000.0,19,1
biased,321,100700321,20,6,1200.0,0,0,47.92895302692955,6.796816223708284,0.29425541815059075,200,1000000.0,19,1
biased,322,100700322,20,6,1200.0,0,0,22.51719534594247,3.282024968871208,0.6093798855795614,200,1000000.0,19,1
biased,323,100700323,20,7,1400.0,0,0,10.642676945834864,1.9176283223005044,1.0429549755505683,200,1000000.0,19,1
biased,324,100700324,24,2,400.0,0,0,21.34856822587267,5.52492964795338,0.36199555966126507,200,1000000.0,19,1
biased,325,100700325,24,7,1400.0,1,1,5.0,2.550708674994172,1000000.0,106,1000000.0,20,1
biased,326,100700326,20,7,1400.0,0,0,13.137138108063738,1.687073508163789,1.185484799756473,200,1000000.0,20,1
biased,327,100700327,24,6,1200.0,0,0,14.507178004732395,2.4101092488219935,0.8298379009074192,200,1000000.0,20,1
biased,328,100700328,12,7,1400.0,0,0,78.8903907344527,11.573833209122816,0.172803596169292,200,1000000.0,20,1
biased,329,100700329,16,4,800.0,0,0,16.740180766884578,2.7862979949992184,0.7177983128830989,200,1000000.0,20,1
biased,330,100700330,24,2,400.0,0,0,105.33310078691034,20.2734544033287,0.09865117015636071,200,1000000.0,20,1
biased,331,100700331,24,4,800.0,0,0,19.447459596411363,3.289432650625757,0.6080075844141497,200,1000000.0,20,1
biased,332,100700332,12,3,600.0,0,0,18.703187708562382,3.1374500275745634,0.6374603523314504,200,1000000.0,20,1
biased,333,100700333,12,4,800.0,0,0,44.37754312777565,5.701711652018728,0.3507718597610749,200,1000000.0,20,1
biased,334,100700334,24,7,1400.0,0,0,13.71668093951996,2.3334622970633156,0.8570954853296833,200,1000000.0,20,1
biased,335,100700335,16,4,800.0,0,0,16.383224222748254,3.4282086486272463,0.5833950628415974,200,1000000.0,20,1
biased,336,100700336,24,7,1400.0,0,0,14.042761570042558,1.6602336850701824,1.2046496935854272,200,1000000.0,20,1
biased,337,100700337,20,5,1000.0,0,0,15.877235139171262,2.745811629766471,0.7283820850340336,200,1000000.0,20,1
biased,338,100700338,24,4,800.0,0,0,55.56313479457026,7.428885069028167,0.26921940256394844,200,1000000.0,20,1
biased,339,100700339,20,5,1000.0,0,0,15.296380767768824,2.585439987165206,0.7735627243055411,200,1000000.0,20,1
biased,340,100700340,20,5,1000.0,0,0,6.446877996011835,3.4483216823426583,0.5799922931323728,200,1000000.0,20,1
biased,341,100700341,12,2,400.0,0,0,37.236250771934465,9.654267215781552,0.20716227915575589,200,1000000.0,20,1
biased,342,100700342,12,7,1400.0,0,0,52.830570225868655,6.992746060734897,0.2860106720062721,200,1000000.0,20,1
biased,343,100700343,12,6,1200.0,0,0,16.339688508715426,2.78519658678128,0.7180821668000482,200,1000000.0,20,1
biased,344,100700344,20,6,1200.0,0,0,12.51678746772609,2.260580824893918,0.8847283751041521,200,1000000.0,20,1
biased,345,100700345,20,6,1200.0,0,0,6.034160582479444,3.7932505532830425,0.5272522792540051,200,1000000.0,20,1
biased,346,100700346,8,4,800.0,0,0,96.98842008731674,18.61728321245132,0.10742705996234678,200,1000000.0,20,1
biased,347,100700347,20,4,800.0,0,0,39.97988645955934,6.217753804614186,0.321659567562132,200,1000000.0,20,1
biased,348,100700348,20,6,1200.0,0,0,84.62605562823632,12.761436275453512,0.15672217114361797,200,1000000.0,20,1
biased,349,100700349,24,4,800.0,0,0,15.657489030011448,3.3220689819069587,0.6020344583127666,200,1000000.0,20,1
biased,350,100700350,20,5,1000.0,0,0,20.082579332080854,3.3361530958475454,0.5994928717418175,200,1000000.0,20,1
biased,351,100700351,16,5,1000.0,0,0,14.231286439036694,2.4723600659760727,0.8089436597538685,200,1000000.0,20,1
biased,352,100700352,12,6,1200.0,0,0,46.06016612171538,7.100201764442764,0.28168213613531917,200,1000000.0,20,1
biased,353,100700353,20,3,600.0,0,0,37.480848489630944,6.230251400008353,0.3210143333858596,200,1000000.0,20,1
biased,354,100700354,20,2,400.0,0,0,23.39955243744805,6.8415278912615864,0.29233236081000574,200,1000000.0,20,1
biased,355,100700355,24,2,400.0,0,0,23.07296121433251,7.010126973325058,0.28530153699218314,200,1000000.0,20,1
biased,356,100700356,24,6,1200.0,0,0,14.187012286370418,2.4046447462232563,0.831723689389548,200,1000000.0,20,1
biased,357,100700357,20,7,1400.0,0,0,20.178114904328936,2.987010629250157,0.669565745904985,200,1000000.0,20,1
biased,358,100700358,12,7,1400.0,0,0,16.329699861959625,2.7785495572283043,0.7198000103316734,200,1000000.0,20,1
biased,359,100700359,24,4,800.0,0,0,16.128633268613157,2.704732957605237,0.7394445334709844,200,1000000.0,20,1
biased,360,100700360,8,1,200.0,0,0,22.07071271658498,9.333575302683013,0.21428015901099373,200,1000000.0,20,1
biased,361,100700361,20,6,1200.0,0,0,22.35233188671191,3.350603929712435,0.596907316398823,200,1000000.0,20,1
biased,362,100700362,20,7,1400.0,0,0,13.614913246463402,2.242961429030843,0.8916782848397782,200,1000000.0,20,1
biased,363,100700363,24,3,600.0,0,0,19.22837183714205,3.3098237599407785,0.6042617810066676,200,1000000.0,20,1
biased,364,100700364,24,6,1200.0,0,0,15.967152402736701,2.6982073855086255,0.741232868437572,200,1000000.0,20,1
biased,365,100700365,12,6,1200.0,0,0,19.175506904435906,2.9176553812674992,0.6854819156644717,200,1000000.0,20,1
biased,366,100700366,24,7,1400.0,0,0,10.33162602264997,1.9105227234511182,1.0468339242713913,200,1000000.0,20,1
biased,367,100700367,20,3,600.0,0,0,19.89525762840151,3.3528017982128335,0.596516024617403,200,1000000.0,20,1
biased,368,100700368,24,5,1000.0,0,0,14.987610482162836,2.598184228179213,0.7697683552646242,200,1000000.0,20,1
biased,369,100700369,24,4,800.0,0,0,35.70601489174743,5.519527027572052,0.36234988795403483,200,1000000.0,20,1
biased,370,100700370,12,5,1000.0,0,0,15.880937804093264,2.74546269557809,0.7284746586508895,200,1000000.0,20,1
biased,371,100700371,20,6,1200.0,0,0,13.070316927132808,2.7055668201831855,0.7392166347843466,200,1000000.0,20,1
biased,372,100700372,24,5,1000.0,0,0,22.68740111841089,3.462062986791666,0.5776902406542935,200,1000000.0,20,1
biased,373,100700373,16,7,1400.0,0,0,7.22929879250762,1.657816941501989,1.2064058159449087,200,1000000.0,20,1
biased,374,100700374,12,5,1000.0,0,0,31.339653685567782,4.527197621362778,0.44177439715961847,200,1000000.0,20,1
biased,375,100700375,20,2,400.0,0,0,16.76402668611746,5.384400671100204,0.3714433828698221,200,1000000.0,20,1
biased,376,100700376,20,6,1200.0,0,0,9.371810995267197,1.8290985889166538,1.0934347727995177,200,1000000.0,20,1
biased,377,100700377,16,3,600.0,0,0,19.122527714431612,3.285927319676794,0.6086561890835496,200,1000000.0,20,1
biased,378,100700378,8,7,1400.0,0,0,14.46359883369098,2.400616295019288,0.8331193969438297,200,1000000.0,20,1
biased,379,100700379,16,4,800.0,0,0,19.984185762294032,3.341582291881738,0.5985188528377507,200,1000000.0,20,1
biased,380,100700380,24,4,800.0,0,0,13.435059774684078,3.2175621617151404,0.6215886125829775,200,1000000.0,20,1
biased,381,100700381,24,7,1400.0,0,0,9.926477235827974,1.8360406603373673,1.0893004949206875,200,1000000.0,20,1
biased,382,100700382,24,1,200.0,0,0,23.487291074587233,7.368862032982159,0.2714123281245103,200,1000000.0,20,1
biased,383,100700383,20,3,600.0,0,0,14.357108660218955,3.2360874085286233,0.6180302777758885,200,1000000.0,20,1
biased,384,100700384,24,2,400.0,0,0,22.97387095239958,6.152668350826458,0.3250622146294217,200,1000000.0,20,1
biased,385,100700385,20,5,1000.0,0,0,14.172060473761803,2.4661931531583217,0.8109664879406169,200,1000000.0,20,1
biased,386,100700386,12,2,400.0,0,0,12.877613090939576,4.025696494649376,0.4968084411376355,200,1000000.0,20,1
biased,387,100700387,20,6,1200.0,0,0,26.439200207326394,3.9768556220386517,0.5029098841095825,200,1000000.0,20,1
biased,388,100700388,20,7,1400.0,0,0,10.532465925595375,1.9050257230963048,1.0498545902830805,200,1000000.0,20,1
biased,389,100700389,24,0,0.0,0,0,20.310815929441333,5.790198708297445,0.3454112891037692,200,1000000.0,20,1
biased,390,100700390,20,5,1000.0,0,0,17.58172805818083,3.0631854548579884,0.6529150877326563,200,1000000.0,20,1
biased,391,100700391,16,2,400.0,0,0,71.12258270148209,19.413537595326666,0.10302089406319491,200,1000000.0,20,1
biased,392,100700392,8,6,1200.0,0,0,16.39582089087662,2.7318304683389445,0.7321098520495216,200,1000000.0,20,1
biased,393,100700393,12,4,800.0,0,0,26.805016119055608,4.043127519319278,0.4946665645452435,200,1000000.0,20,1
biased,394,100700394,24,7,1400.0,0,0,10.47028542156454,3.0736345674299574,0.6506954408937152,200,1000000.0,20,1
biased,395,100700395,24,4,800.0,0,0,89.32893320321773,11.754101987324074,0.17015336451537103,200,1000000.0,20,1
biased,396,100700396,24,4,800.0,0,0,58.98166605763748,12.049076572950916,0.16598782387106897,200,1000000.0,20,1
biased,397,100700397,24,7,1400.0,0,0,13.706604921733742,2.331036031221662,0.8579875957352017,200,1000000.0,20,1
biased,398,100700398,12,7,1400.0,0,0,13.898207762360926,2.3583711253812885,0.8480429473018802,200,1000000.0,20,1
biased,399,100700399,24,7,1400.0,1,1,5.000009698924316,1.903623783171113,1000000.0,25,1000000.0,21,1
biased,400,100700400,20,7,1400.0,1,1,5.0,1.8679632616413093,1000000.0,107,1000000.0,22,1
